timestamp,building_id,temp,humidity,dew_point,solar,ac_kwh,is_peak,predicted_peak_proba,date,hour,planned_mode,actual_mode,override_reason,indoor_temp_est_c,indoor_rise_c,predicted_indoor_next_c,kwh_baseline,kwh_optimized,kwh_recovery,setpoint_adj,fan_pwm,led,tariff_period,predicted_kwh,data_source,scenario,outdoor_dew_flag,reason,trace,control_mode,optimized_ac_kwh,ac_saved_kwh,comfort_score,safe_to_reduce,predicted_peak,pre_cool_window,plan_cut_frac,plan_boost_kwh,plan_n_pre,ceiling_hit,forecast_split,plan_basis
2025-07-02 00:00:00,RES_EP_001,32.6,68.4,26.0,0.0,0.623,0,0.0,2025-07-02,0,normal,normal,none,24.0,0.0,24.0,0.623,0.623,0.0,0.0,40,green,offpeak,0.5347,synthetic_sample,none,True,normal: following plan,"plan: normal (cut 0.00, boost 0.00 kWh) | gate: next 24.00 C <= 26.0 C ok",normal,0.623,0.0,1.0,True,0,0,0.5,1.5,4,False,train_in_sample,rf
2025-07-02 01:00:00,RES_EP_001,31.5,62.2,23.4,0.0,0.589,0,0.0,2025-07-02,1,normal,normal,none,24.0,0.0,24.0,0.589,0.589,0.0,0.0,40,green,offpeak,0.551,synthetic_sample,none,False,normal: following plan,"plan: normal (cut 0.00, boost 0.00 kWh) | gate: next 24.00 C <= 26.0 C ok",normal,0.589,0.0,1.0,True,0,0,0.5,1.5,4,False,train_in_sample,rf
2025-07-02 02:00:00,RES_EP_001,32.0,58.3,22.8,0.0,0.488,0,0.0,2025-07-02,2,normal,normal,none,24.0,0.0,24.0,0.488,0.488,0.0,0.0,40,green,offpeak,0.4599,synthetic_sample,none,False,normal: following plan,"plan: normal (cut 0.00, boost 0.00 kWh) | gate: next 24.00 C <= 26.0 C ok",normal,0.488,0.0,1.0,True,0,0,0.5,1.5,4,False,train_in_sample,rf
2025-07-02 03:00:00,RES_EP_001,32.1,53.8,21.5,0.0,0.254,0,0.0,2025-07-02,3,normal,normal,none,24.0,0.0,24.0,0.254,0.254,0.0,0.0,40,green,offpeak,0.3393,synthetic_sample,none,False,normal: following plan,"plan: normal (cut 0.00, boost 0.00 kWh) | gate: next 24.00 C <= 26.0 C ok",normal,0.254,0.0,1.0,True,0,0,0.5,1.5,4,False,train_in_sample,rf
2025-07-02 04:00:00,RES_EP_001,32.7,51.9,21.5,0.0,0.315,0,0.0,2025-07-02,4,normal,normal,none,24.0,0.0,24.0,0.315,0.315,0.0,0.0,40,green,offpeak,0.3458,synthetic_sample,none,False,normal: following plan,"plan: normal (cut 0.00, boost 0.00 kWh) | gate: next 24.00 C <= 26.0 C ok",normal,0.315,0.0,1.0,True,0,0,0.5,1.5,4,False,train_in_sample,rf
2025-07-02 05:00:00,RES_EP_001,33.1,51.0,21.6,0.0,0.504,0,0.0,2025-07-02,5,normal,normal,none,24.0,0.0,24.0,0.504,0.504,0.0,0.0,40,green,offpeak,0.4936,synthetic_sample,none,False,normal: following plan,"plan: normal (cut 0.00, boost 0.00 kWh) | gate: next 24.00 C <= 26.0 C ok",normal,0.504,0.0,1.0,True,0,0,0.5,1.5,4,False,train_in_sample,rf
2025-07-02 06:00:00,RES_EP_001,35.5,58.3,26.0,200.6,0.197,0,0.0,2025-07-02,6,normal,normal,none,24.0,0.0,24.0,0.197,0.197,0.0,0.0,40,green,offpeak,0.2952,synthetic_sample,none,True,normal: following plan,"plan: normal (cut 0.00, boost 0.00 kWh) | gate: next 24.00 C <= 26.0 C ok",normal,0.197,0.0,1.0,True,0,0,0.5,1.5,4,False,train_in_sample,rf
2025-07-02 07:00:00,RES_EP_001,36.8,51.4,25.1,356.6,0.283,0,0.0,2025-07-02,7,normal,normal,none,24.0,0.0,24.0,0.283,0.283,0.0,0.0,40,green,offpeak,0.3304,synthetic_sample,none,True,normal: following plan,"plan: normal (cut 0.00, boost 0.00 kWh) | gate: next 24.00 C <= 26.0 C ok",normal,0.283,0.0,1.0,True,0,0,0.5,1.5,4,False,train_in_sample,rf
2025-07-02 08:00:00,RES_EP_001,39.9,44.7,25.6,517.7,0.373,0,0.0,2025-07-02,8,pre_cool,pre_cool,none,24.0,0.0,23.3882,0.373,1.873,0.0,-1.0,100,blue,offpeak,0.2727,synthetic_sample,none,True,pre_cool: following plan,"plan: pre_cool (cut 0.00, boost 1.50 kWh) | gate: next 23.39 C <= 26.0 C ok",pre_cool,1.873,0.0,1.0,True,0,1,0.5,1.5,4,False,train_in_sample,rf
2025-07-02 09:00:00,RES_EP_001,40.3,51.9,28.5,692.9,1.162,0,0.01,2025-07-02,9,pre_cool,pre_cool,none,23.3882,-0.6118,22.8873,1.162,2.662,0.0,-1.0,100,blue,offpeak,0.9164,synthetic_sample,none,True,pre_cool: following plan,"plan: pre_cool (cut 0.00, boost 1.50 kWh) | gate: next 22.89 C <= 26.0 C ok",pre_cool,2.662,0.0,1.0,True,0,1,0.5,1.5,4,False,train_in_sample,rf
2025-07-02 10:00:00,RES_EP_001,41.9,51.8,29.9,703.8,1.695,0,0.0,2025-07-02,10,pre_cool,pre_cool,none,22.8873,-1.1127,22.4772,1.695,3.195,0.0,-1.0,100,blue,offpeak,1.7147,synthetic_sample,none,True,pre_cool: following plan,"plan: pre_cool (cut 0.00, boost 1.50 kWh) | gate: next 22.48 C <= 26.0 C ok",pre_cool,3.195,0.0,1.0,True,0,1,0.5,1.5,4,False,train_in_sample,rf
2025-07-02 11:00:00,RES_EP_001,43.7,50.1,31.0,852.8,2.264,0,0.05,2025-07-02,11,pre_cool,pre_cool,none,22.4772,-1.5228,22.2084,2.264,3.6,0.0,-1.0,100,blue,offpeak,2.314,synthetic_sample,none,True,pre_cool: following plan,"plan: pre_cool (cut 0.00, boost 1.50 kWh) | gate: next 22.21 C <= 26.0 C ok",pre_cool,3.6,0.0,1.0,True,0,1,0.5,1.5,4,False,train_in_sample,rf
2025-07-02 12:00:00,RES_EP_001,45.4,54.2,33.9,764.6,2.73,1,1.0,2025-07-02,12,peak_reduce,peak_reduce,none,22.2084,-1.7916,23.0899,2.73,1.365,0.0,1.0,75,yellow,peak,2.6446,synthetic_sample,none,True,peak_reduce: following plan,"plan: peak_reduce (cut 0.50, boost 0.00 kWh) | gate: next 23.09 C <= 26.0 C ok",peak_reduce,1.365,1.365,1.0,True,1,0,0.5,1.5,4,False,train_in_sample,rf
2025-07-02 13:00:00,RES_EP_001,46.2,51.8,33.8,783.5,2.582,1,1.0,2025-07-02,13,peak_reduce,peak_reduce,none,23.0899,-0.9101,23.7814,2.582,1.291,0.0,1.0,75,yellow,peak,2.6394,synthetic_sample,none,True,peak_reduce: following plan,"plan: peak_reduce (cut 0.50, boost 0.00 kWh) | gate: next 23.78 C <= 26.0 C ok",peak_reduce,1.291,1.291,1.0,True,1,0,0.5,1.5,4,False,train_in_sample,rf
2025-07-02 14:00:00,RES_EP_001,45.3,56.6,34.6,779.4,2.547,1,1.0,2025-07-02,14,peak_reduce,peak_reduce,none,23.7814,-0.2186,24.3404,2.547,1.2735,0.0,1.0,75,yellow,peak,2.6022,synthetic_sample,none,True,peak_reduce: following plan,"plan: peak_reduce (cut 0.50, boost 0.00 kWh) | gate: next 24.34 C <= 26.0 C ok",peak_reduce,1.2735,1.2735,1.0,True,1,0,0.5,1.5,4,False,train_in_sample,rf
2025-07-02 15:00:00,RES_EP_001,44.7,60.4,35.2,631.9,2.586,1,1.0,2025-07-02,15,peak_reduce,peak_reduce,none,24.3404,0.3404,24.8061,2.586,1.293,0.0,1.0,75,yellow,peak,2.5605,synthetic_sample,none,True,peak_reduce: following plan,"plan: peak_reduce (cut 0.50, boost 0.00 kWh) | gate: next 24.81 C <= 26.0 C ok",peak_reduce,1.293,1.293,0.83,True,1,0,0.5,1.5,4,False,train_in_sample,rf
2025-07-02 16:00:00,RES_EP_001,44.4,65.2,36.3,548.4,2.404,1,1.0,2025-07-02,16,peak_reduce,peak_reduce,none,24.8061,0.8061,25.1502,2.404,1.202,0.0,1.0,75,yellow,peak,2.482,synthetic_sample,none,True,peak_reduce: following plan,"plan: peak_reduce (cut 0.50, boost 0.00 kWh) | gate: next 25.15 C <= 26.0 C ok",peak_reduce,1.202,1.202,0.597,True,1,0,0.5,1.5,4,False,train_in_sample,rf
2025-07-02 17:00:00,RES_EP_001,44.1,60.9,34.8,400.4,2.037,1,1.0,2025-07-02,17,peak_reduce,peak_reduce,none,25.1502,1.1502,25.3571,2.037,1.0185,0.0,1.0,75,yellow,peak,2.1401,synthetic_sample,none,True,peak_reduce: following plan,"plan: peak_reduce (cut 0.50, boost 0.00 kWh) | gate: next 25.36 C <= 26.0 C ok",peak_reduce,1.0185,1.0185,0.425,True,1,0,0.5,1.5,4,False,train_in_sample,rf
2025-07-02 18:00:00,RES_EP_001,42.4,66.6,34.8,197.8,1.735,1,1.0,2025-07-02,18,peak_reduce,peak_reduce,none,25.3571,1.3571,25.4649,1.735,0.8675,0.0,1.0,75,yellow,peak,1.5695,synthetic_sample,none,True,peak_reduce: following plan,"plan: peak_reduce (cut 0.50, boost 0.00 kWh) | gate: next 25.46 C <= 26.0 C ok",peak_reduce,0.8675,0.8675,0.321,True,1,0,0.5,1.5,4,False,train_in_sample,rf
2025-07-02 19:00:00,RES_EP_001,40.7,66.8,33.3,0.0,0.699,0,0.04,2025-07-02,19,normal,normal,none,25.4649,1.4649,24.5355,0.699,2.3267,1.6277,0.0,40,green,offpeak,0.7473,synthetic_sample,none,True,recovery: restoring setpoint after the reduction window,"plan: normal (cut 0.00, boost 0.00 kWh) | recovery: indoor +1.46 C above setpoint, thermostat pulls back | gate: next 24.54 C <= 26.0 C ok",normal,2.3267,0.0,0.268,True,0,0,0.5,1.5,4,False,train_in_sample,rf
2025-07-02 20:00:00,RES_EP_001,38.9,65.1,31.1,0.0,0.137,0,0.0,2025-07-02,20,normal,normal,none,24.5355,0.5355,24.1958,0.137,0.732,0.595,0.0,40,green,offpeak,0.1051,synthetic_sample,none,True,recovery: restoring setpoint after the reduction window,"plan: normal (cut 0.00, boost 0.00 kWh) | recovery: indoor +0.54 C above setpoint, thermostat pulls back | gate: next 24.20 C <= 26.0 C ok",normal,0.732,0.0,0.732,True,0,0,0.5,1.5,4,False,train_in_sample,rf
2025-07-02 21:00:00,RES_EP_001,36.5,68.4,29.7,0.0,0.396,0,0.0,2025-07-02,21,normal,normal,none,24.1958,0.1958,24.0716,0.396,0.6135,0.2175,0.0,40,green,offpeak,0.4023,synthetic_sample,none,True,recovery: restoring setpoint after the reduction window,"plan: normal (cut 0.00, boost 0.00 kWh) | recovery: indoor +0.20 C above setpoint, thermostat pulls back | gate: next 24.07 C <= 26.0 C ok",normal,0.6135,0.0,0.902,True,0,0,0.5,1.5,4,False,train_in_sample,rf
2025-07-02 22:00:00,RES_EP_001,35.7,69.2,29.2,0.0,0.261,0,0.0,2025-07-02,22,normal,normal,none,24.0716,0.0716,24.0262,0.261,0.3405,0.0795,0.0,40,green,offpeak,0.3244,synthetic_sample,none,True,recovery: restoring setpoint after the reduction window,"plan: normal (cut 0.00, boost 0.00 kWh) | recovery: indoor +0.07 C above setpoint, thermostat pulls back | gate: next 24.03 C <= 26.0 C ok",normal,0.3405,0.0,0.964,True,0,0,0.5,1.5,4,False,train_in_sample,rf
2025-07-02 23:00:00,RES_EP_001,33.8,65.2,26.3,0.0,0.859,0,0.0,2025-07-02,23,normal,normal,none,24.0262,0.0262,24.0214,0.859,0.859,0.0,0.0,40,green,offpeak,0.5914,synthetic_sample,none,True,normal: following plan,"plan: normal (cut 0.00, boost 0.00 kWh) | gate: next 24.02 C <= 26.0 C ok",normal,0.859,0.0,0.987,True,0,0,0.5,1.5,4,False,train_in_sample,rf
2025-07-03 00:00:00,RES_EP_001,33.6,63.4,25.7,0.0,0.315,0,0.0,2025-07-03,0,normal,normal,none,24.0,0.0,24.0,0.315,0.315,0.0,0.0,40,green,offpeak,0.4224,synthetic_sample,none,True,normal: following plan,"plan: normal (cut 0.00, boost 0.00 kWh) | gate: next 24.00 C <= 26.0 C ok",normal,0.315,0.0,1.0,True,0,0,0.45,1.0,4,False,train_in_sample,rf
2025-07-03 01:00:00,RES_EP_001,32.5,60.6,23.9,0.0,0.57,0,0.0,2025-07-03,1,normal,normal,none,24.0,0.0,24.0,0.57,0.57,0.0,0.0,40,green,offpeak,0.5213,synthetic_sample,none,False,normal: following plan,"plan: normal (cut 0.00, boost 0.00 kWh) | gate: next 24.00 C <= 26.0 C ok",normal,0.57,0.0,1.0,True,0,0,0.45,1.0,4,False,train_in_sample,rf
2025-07-03 02:00:00,RES_EP_001,32.1,60.5,23.5,0.0,0.378,0,0.0,2025-07-03,2,normal,normal,none,24.0,0.0,24.0,0.378,0.378,0.0,0.0,40,green,offpeak,0.4274,synthetic_sample,none,False,normal: following plan,"plan: normal (cut 0.00, boost 0.00 kWh) | gate: next 24.00 C <= 26.0 C ok",normal,0.378,0.0,1.0,True,0,0,0.45,1.0,4,False,train_in_sample,rf
2025-07-03 03:00:00,RES_EP_001,33.1,55.5,23.0,0.0,0.245,0,0.0,2025-07-03,3,normal,normal,none,24.0,0.0,24.0,0.245,0.245,0.0,0.0,40,green,offpeak,0.3699,synthetic_sample,none,False,normal: following plan,"plan: normal (cut 0.00, boost 0.00 kWh) | gate: next 24.00 C <= 26.0 C ok",normal,0.245,0.0,1.0,True,0,0,0.45,1.0,4,False,train_in_sample,rf
2025-07-03 04:00:00,RES_EP_001,33.3,53.4,22.5,0.0,0.192,0,0.0,2025-07-03,4,normal,normal,none,24.0,0.0,24.0,0.192,0.192,0.0,0.0,40,green,offpeak,0.3132,synthetic_sample,none,False,normal: following plan,"plan: normal (cut 0.00, boost 0.00 kWh) | gate: next 24.00 C <= 26.0 C ok",normal,0.192,0.0,1.0,True,0,0,0.45,1.0,4,False,train_in_sample,rf
2025-07-03 05:00:00,RES_EP_001,33.8,49.9,21.9,0.0,0.559,0,0.0,2025-07-03,5,normal,normal,none,24.0,0.0,24.0,0.559,0.559,0.0,0.0,40,green,offpeak,0.5108,synthetic_sample,none,False,normal: following plan,"plan: normal (cut 0.00, boost 0.00 kWh) | gate: next 24.00 C <= 26.0 C ok",normal,0.559,0.0,1.0,True,0,0,0.45,1.0,4,False,train_in_sample,rf
2025-07-03 06:00:00,RES_EP_001,35.7,48.6,23.2,184.8,0.369,0,0.0,2025-07-03,6,normal,normal,none,24.0,0.0,24.0,0.369,0.369,0.0,0.0,40,green,offpeak,0.414,synthetic_sample,none,False,normal: following plan,"plan: normal (cut 0.00, boost 0.00 kWh) | gate: next 24.00 C <= 26.0 C ok",normal,0.369,0.0,1.0,True,0,0,0.45,1.0,4,False,train_in_sample,rf
2025-07-03 07:00:00,RES_EP_001,37.0,49.1,24.5,375.7,0.708,0,0.0,2025-07-03,7,normal,normal,none,24.0,0.0,24.0,0.708,0.708,0.0,0.0,40,green,offpeak,0.4958,synthetic_sample,none,True,normal: following plan,"plan: normal (cut 0.00, boost 0.00 kWh) | gate: next 24.00 C <= 26.0 C ok",normal,0.708,0.0,1.0,True,0,0,0.45,1.0,4,False,train_in_sample,rf
2025-07-03 08:00:00,RES_EP_001,39.4,47.8,26.2,484.5,0.04,0,0.0,2025-07-03,8,pre_cool,pre_cool,none,24.0,0.0,23.5921,0.04,1.04,0.0,-1.0,100,blue,offpeak,0.2261,synthetic_sample,none,True,pre_cool: following plan,"plan: pre_cool (cut 0.00, boost 1.00 kWh) | gate: next 23.59 C <= 26.0 C ok",pre_cool,1.04,0.0,1.0,True,0,1,0.45,1.0,4,False,train_in_sample,rf
2025-07-03 09:00:00,RES_EP_001,40.3,46.9,26.7,650.8,1.281,0,0.0,2025-07-03,9,pre_cool,pre_cool,none,23.5921,-0.4079,23.2582,1.281,2.281,0.0,-1.0,100,blue,offpeak,1.1589,synthetic_sample,none,True,pre_cool: following plan,"plan: pre_cool (cut 0.00, boost 1.00 kWh) | gate: next 23.26 C <= 26.0 C ok",pre_cool,2.281,0.0,1.0,True,0,1,0.45,1.0,4,False,train_in_sample,rf
2025-07-03 10:00:00,RES_EP_001,42.9,52.6,31.1,685.9,1.775,0,0.0,2025-07-03,10,pre_cool,pre_cool,none,23.2582,-0.7418,22.9848,1.775,2.775,0.0,-1.0,100,blue,offpeak,1.7427,synthetic_sample,none,True,pre_cool: following plan,"plan: pre_cool (cut 0.00, boost 1.00 kWh) | gate: next 22.98 C <= 26.0 C ok",pre_cool,2.775,0.0,1.0,True,0,1,0.45,1.0,4,False,train_in_sample,rf
2025-07-03 11:00:00,RES_EP_001,44.2,49.0,31.0,863.2,2.314,0,0.11,2025-07-03,11,pre_cool,pre_cool,none,22.9848,-1.0152,22.761,2.314,3.314,0.0,-1.0,100,blue,offpeak,2.3571,synthetic_sample,none,True,pre_cool: following plan,"plan: pre_cool (cut 0.00, boost 1.00 kWh) | gate: next 22.76 C <= 26.0 C ok",pre_cool,3.314,0.0,1.0,True,0,1,0.45,1.0,4,False,train_in_sample,rf
2025-07-03 12:00:00,RES_EP_001,44.3,53.9,32.8,896.1,2.483,1,1.0,2025-07-03,12,peak_reduce,peak_reduce,none,22.761,-1.239,23.4413,2.483,1.3657,0.0,1.0,75,yellow,peak,2.4597,synthetic_sample,none,True,peak_reduce: following plan,"plan: peak_reduce (cut 0.45, boost 0.00 kWh) | gate: next 23.44 C <= 26.0 C ok",peak_reduce,1.3657,1.1173,1.0,True,1,0,0.45,1.0,4,False,train_in_sample,rf
2025-07-03 13:00:00,RES_EP_001,45.6,54.9,34.3,828.1,2.996,1,1.0,2025-07-03,13,peak_reduce,peak_reduce,none,23.4413,-0.5587,24.0924,2.996,1.6478,0.0,1.0,75,yellow,peak,2.84,synthetic_sample,none,True,peak_reduce: following plan,"plan: peak_reduce (cut 0.45, boost 0.00 kWh) | gate: next 24.09 C <= 26.0 C ok",peak_reduce,1.6478,1.3482,1.0,True,1,0,0.45,1.0,4,False,train_in_sample,rf
2025-07-03 14:00:00,RES_EP_001,45.6,56.9,35.0,733.0,2.94,1,1.0,2025-07-03,14,peak_reduce,peak_reduce,none,24.0924,0.0924,24.6153,2.94,1.617,0.0,1.0,75,yellow,peak,2.8419,synthetic_sample,none,True,peak_reduce: following plan,"plan: peak_reduce (cut 0.45, boost 0.00 kWh) | gate: next 24.62 C <= 26.0 C ok",peak_reduce,1.617,1.323,0.954,True,1,0,0.45,1.0,4,False,train_in_sample,rf
2025-07-03 15:00:00,RES_EP_001,46.9,59.4,37.0,607.5,2.865,1,1.0,2025-07-03,15,peak_reduce,peak_reduce,none,24.6153,0.6153,25.0296,2.865,1.5758,0.0,1.0,75,yellow,peak,2.8275,synthetic_sample,none,True,peak_reduce: following plan,"plan: peak_reduce (cut 0.45, boost 0.00 kWh) | gate: next 25.03 C <= 26.0 C ok",peak_reduce,1.5758,1.2892,0.692,True,1,0,0.45,1.0,4,False,train_in_sample,rf
2025-07-03 16:00:00,RES_EP_001,46.4,62.6,37.5,528.3,2.456,1,1.0,2025-07-03,16,peak_reduce,peak_reduce,none,25.0296,1.0296,25.2937,2.456,1.3508,0.0,1.0,75,yellow,peak,2.4825,synthetic_sample,none,True,peak_reduce: following plan,"plan: peak_reduce (cut 0.45, boost 0.00 kWh) | gate: next 25.29 C <= 26.0 C ok",peak_reduce,1.3508,1.1052,0.485,True,1,0,0.45,1.0,4,False,train_in_sample,rf
2025-07-03 17:00:00,RES_EP_001,44.8,61.4,35.6,390.6,2.226,1,1.0,2025-07-03,17,peak_reduce,peak_reduce,none,25.2937,1.2937,25.4677,2.226,1.2243,0.0,1.0,75,yellow,peak,2.1996,synthetic_sample,none,True,peak_reduce: following plan,"plan: peak_reduce (cut 0.45, boost 0.00 kWh) | gate: next 25.47 C <= 26.0 C ok",peak_reduce,1.2243,1.0017,0.353,True,1,0,0.45,1.0,4,False,train_in_sample,rf
2025-07-03 18:00:00,RES_EP_001,41.1,64.1,32.9,191.4,1.568,1,0.99,2025-07-03,18,peak_reduce,peak_reduce,none,25.4677,1.4677,25.4895,1.568,0.8624,0.0,1.0,75,yellow,peak,1.62,synthetic_sample,none,True,peak_reduce: following plan,"plan: peak_reduce (cut 0.45, boost 0.00 kWh) | gate: next 25.49 C <= 26.0 C ok",peak_reduce,0.8624,0.7056,0.266,True,1,0,0.45,1.0,4,False,train_in_sample,rf
2025-07-03 19:00:00,RES_EP_001,40.8,66.3,33.2,0.0,0.937,0,0.03,2025-07-03,19,normal,normal,none,25.4895,1.4895,24.5445,0.937,2.592,1.655,0.0,40,green,offpeak,0.8641,synthetic_sample,none,True,recovery: restoring setpoint after the reduction window,"plan: normal (cut 0.00, boost 0.00 kWh) | recovery: indoor +1.49 C above setpoint, thermostat pulls back | gate: next 24.54 C <= 26.0 C ok",normal,2.592,0.0,0.255,True,0,0,0.45,1.0,4,False,train_in_sample,rf
2025-07-03 20:00:00,RES_EP_001,38.7,67.6,31.6,0.0,0.0,0,0.01,2025-07-03,20,normal,normal,none,24.5445,0.5445,24.199,0.0,0.605,0.605,0.0,40,green,offpeak,0.096,synthetic_sample,none,True,recovery: restoring setpoint after the reduction window,"plan: normal (cut 0.00, boost 0.00 kWh) | recovery: indoor +0.54 C above setpoint, thermostat pulls back | gate: next 24.20 C <= 26.0 C ok",normal,0.605,0.0,0.728,True,0,0,0.45,1.0,4,False,train_in_sample,rf
2025-07-03 21:00:00,RES_EP_001,37.5,67.4,30.4,0.0,0.236,0,0.0,2025-07-03,21,normal,normal,none,24.199,0.199,24.0728,0.236,0.4572,0.2212,0.0,40,green,offpeak,0.2585,synthetic_sample,none,True,recovery: restoring setpoint after the reduction window,"plan: normal (cut 0.00, boost 0.00 kWh) | recovery: indoor +0.20 C above setpoint, thermostat pulls back | gate: next 24.07 C <= 26.0 C ok",normal,0.4572,0.0,0.9,True,0,0,0.45,1.0,4,False,train_in_sample,rf
2025-07-03 22:00:00,RES_EP_001,35.7,66.6,28.5,0.0,0.595,0,0.0,2025-07-03,22,normal,normal,none,24.0728,0.0728,24.0266,0.595,0.6758,0.0808,0.0,40,green,offpeak,0.5083,synthetic_sample,none,True,recovery: restoring setpoint after the reduction window,"plan: normal (cut 0.00, boost 0.00 kWh) | recovery: indoor +0.07 C above setpoint, thermostat pulls back | gate: next 24.03 C <= 26.0 C ok",normal,0.6758,0.0,0.964,True,0,0,0.45,1.0,4,False,train_in_sample,rf
2025-07-03 23:00:00,RES_EP_001,34.0,66.1,26.8,0.0,0.434,0,0.0,2025-07-03,23,normal,normal,none,24.0266,0.0266,24.0218,0.434,0.434,0.0,0.0,40,green,offpeak,0.4896,synthetic_sample,none,True,normal: following plan,"plan: normal (cut 0.00, boost 0.00 kWh) | gate: next 24.02 C <= 26.0 C ok",normal,0.434,0.0,0.987,True,0,0,0.45,1.0,4,False,train_in_sample,rf
2025-07-04 00:00:00,RES_EP_001,33.7,60.5,25.0,0.0,0.66,0,0.0,2025-07-04,0,normal,normal,none,24.0,0.0,24.0,0.66,0.66,0.0,0.0,40,green,offpeak,0.6113,synthetic_sample,none,True,normal: following plan,"plan: normal (cut 0.00, boost 0.00 kWh) | gate: next 24.00 C <= 26.0 C ok",normal,0.66,0.0,1.0,True,0,0,0.35,1.5,2,False,train_in_sample,rf
2025-07-04 01:00:00,RES_EP_001,33.9,62.8,25.8,0.0,0.714,0,0.0,2025-07-04,1,normal,normal,none,24.0,0.0,24.0,0.714,0.714,0.0,0.0,40,green,offpeak,0.6079,synthetic_sample,none,True,normal: following plan,"plan: normal (cut 0.00, boost 0.00 kWh) | gate: next 24.00 C <= 26.0 C ok",normal,0.714,0.0,1.0,True,0,0,0.35,1.5,2,False,train_in_sample,rf
2025-07-04 02:00:00,RES_EP_001,32.9,60.4,24.2,0.0,0.606,0,0.0,2025-07-04,2,normal,normal,none,24.0,0.0,24.0,0.606,0.606,0.0,0.0,40,green,offpeak,0.5804,synthetic_sample,none,True,normal: following plan,"plan: normal (cut 0.00, boost 0.00 kWh) | gate: next 24.00 C <= 26.0 C ok",normal,0.606,0.0,1.0,True,0,0,0.35,1.5,2,False,train_in_sample,rf
2025-07-04 03:00:00,RES_EP_001,33.4,51.7,22.1,0.0,0.879,0,0.0,2025-07-04,3,normal,normal,none,24.0,0.0,24.0,0.879,0.879,0.0,0.0,40,green,offpeak,0.6769,synthetic_sample,none,False,normal: following plan,"plan: normal (cut 0.00, boost 0.00 kWh) | gate: next 24.00 C <= 26.0 C ok",normal,0.879,0.0,1.0,True,0,0,0.35,1.5,2,False,train_in_sample,rf
2025-07-04 04:00:00,RES_EP_001,34.3,53.0,23.3,0.0,0.766,0,0.0,2025-07-04,4,normal,normal,none,24.0,0.0,24.0,0.766,0.766,0.0,0.0,40,green,offpeak,0.6009,synthetic_sample,none,False,normal: following plan,"plan: normal (cut 0.00, boost 0.00 kWh) | gate: next 24.00 C <= 26.0 C ok",normal,0.766,0.0,1.0,True,0,0,0.35,1.5,2,False,train_in_sample,rf
2025-07-04 05:00:00,RES_EP_001,33.8,52.2,22.6,0.0,0.408,0,0.0,2025-07-04,5,normal,normal,none,24.0,0.0,24.0,0.408,0.408,0.0,0.0,40,green,offpeak,0.4783,synthetic_sample,none,False,normal: following plan,"plan: normal (cut 0.00, boost 0.00 kWh) | gate: next 24.00 C <= 26.0 C ok",normal,0.408,0.0,1.0,True,0,0,0.35,1.5,2,False,train_in_sample,rf
2025-07-04 06:00:00,RES_EP_001,35.4,52.0,24.0,185.7,0.603,0,0.0,2025-07-04,6,normal,normal,none,24.0,0.0,24.0,0.603,0.603,0.0,0.0,40,green,offpeak,0.6099,synthetic_sample,none,True,normal: following plan,"plan: normal (cut 0.00, boost 0.00 kWh) | gate: next 24.00 C <= 26.0 C ok",normal,0.603,0.0,1.0,True,0,0,0.35,1.5,2,False,train_in_sample,rf
2025-07-04 07:00:00,RES_EP_001,37.8,51.0,25.9,402.0,0.244,0,0.0,2025-07-04,7,normal,normal,none,24.0,0.0,24.0,0.244,0.244,0.0,0.0,40,green,offpeak,0.2918,synthetic_sample,none,True,normal: following plan,"plan: normal (cut 0.00, boost 0.00 kWh) | gate: next 24.00 C <= 26.0 C ok",normal,0.244,0.0,1.0,True,0,0,0.35,1.5,2,False,train_in_sample,rf
2025-07-04 08:00:00,RES_EP_001,39.3,47.3,26.0,579.5,0.0,0,0.0,2025-07-04,8,normal,normal,none,24.0,0.0,24.0,0.0,0.0,0.0,0.0,40,green,offpeak,0.0634,synthetic_sample,none,True,normal: following plan,"plan: normal (cut 0.00, boost 0.00 kWh) | gate: next 24.00 C <= 26.0 C ok",normal,0.0,0.0,1.0,True,0,0,0.35,1.5,2,False,train_in_sample,rf
2025-07-04 09:00:00,RES_EP_001,41.1,46.7,27.4,628.1,0.853,0,0.0,2025-07-04,9,normal,normal,none,24.0,0.0,24.0,0.853,0.853,0.0,0.0,40,green,offpeak,0.9906,synthetic_sample,none,True,normal: following plan,"plan: normal (cut 0.00, boost 0.00 kWh) | gate: next 24.00 C <= 26.0 C ok",normal,0.853,0.0,1.0,True,0,0,0.35,1.5,2,False,train_in_sample,rf
2025-07-04 10:00:00,RES_EP_001,42.7,50.3,30.1,716.0,1.991,0,0.0,2025-07-04,10,pre_cool,pre_cool,none,24.0,0.0,23.3882,1.991,3.491,0.0,-1.0,100,blue,offpeak,1.9268,synthetic_sample,none,True,pre_cool: following plan,"plan: pre_cool (cut 0.00, boost 1.50 kWh) | gate: next 23.39 C <= 26.0 C ok",pre_cool,3.491,0.0,1.0,True,0,1,0.35,1.5,2,False,train_in_sample,rf
2025-07-04 11:00:00,RES_EP_001,44.9,52.0,32.7,816.0,2.903,0,0.07,2025-07-04,11,pre_cool,pre_cool,none,23.3882,-0.6118,23.2148,2.903,3.6,0.0,-1.0,100,blue,offpeak,2.9779,synthetic_sample,none,True,pre_cool: following plan,"plan: pre_cool (cut 0.00, boost 1.50 kWh) | gate: next 23.21 C <= 26.0 C ok",pre_cool,3.6,0.0,1.0,True,0,1,0.35,1.5,2,False,train_in_sample,rf
2025-07-04 12:00:00,RES_EP_001,45.8,50.7,33.1,867.4,3.444,1,1.0,2025-07-04,12,peak_reduce,peak_reduce,none,23.2148,-0.7852,23.8488,3.444,2.2386,0.0,1.0,75,yellow,peak,3.3709,synthetic_sample,none,True,peak_reduce: following plan,"plan: peak_reduce (cut 0.35, boost 0.00 kWh) | gate: next 23.85 C <= 26.0 C ok",peak_reduce,2.2386,1.2054,1.0,True,1,0,0.35,1.5,2,False,train_in_sample,rf
2025-07-04 13:00:00,RES_EP_001,46.3,55.4,35.2,726.6,3.533,1,1.0,2025-07-04,13,peak_reduce,peak_reduce,none,23.8488,-0.1512,24.3805,3.533,2.2965,0.0,1.0,75,yellow,peak,3.3898,synthetic_sample,none,True,peak_reduce: following plan,"plan: peak_reduce (cut 0.35, boost 0.00 kWh) | gate: next 24.38 C <= 26.0 C ok",peak_reduce,2.2965,1.2365,1.0,True,1,0,0.35,1.5,2,False,train_in_sample,rf
2025-07-04 14:00:00,RES_EP_001,46.7,56.7,35.9,670.7,3.279,1,1.0,2025-07-04,14,peak_reduce,peak_reduce,none,24.3805,0.3805,24.7796,3.279,2.1313,0.0,1.0,75,yellow,peak,3.2794,synthetic_sample,none,True,peak_reduce: following plan,"plan: peak_reduce (cut 0.35, boost 0.00 kWh) | gate: next 24.78 C <= 26.0 C ok",peak_reduce,2.1313,1.1477,0.81,True,1,0,0.35,1.5,2,False,train_in_sample,rf
2025-07-04 15:00:00,RES_EP_001,46.4,59.9,36.7,683.4,3.002,1,1.0,2025-07-04,15,peak_reduce,peak_reduce,none,24.7796,0.7796,25.0668,3.002,1.9513,0.0,1.0,75,yellow,peak,3.1417,synthetic_sample,none,True,peak_reduce: following plan,"plan: peak_reduce (cut 0.35, boost 0.00 kWh) | gate: next 25.07 C <= 26.0 C ok",peak_reduce,1.9513,1.0507,0.61,True,1,0,0.35,1.5,2,False,train_in_sample,rf
2025-07-04 16:00:00,RES_EP_001,46.7,58.8,36.6,576.4,3.397,1,1.0,2025-07-04,16,peak_reduce,peak_reduce,none,25.0668,1.0668,25.3584,3.397,2.2081,0.0,1.0,75,yellow,peak,3.2296,synthetic_sample,none,True,peak_reduce: following plan,"plan: peak_reduce (cut 0.35, boost 0.00 kWh) | gate: next 25.36 C <= 26.0 C ok",peak_reduce,2.2081,1.1889,0.467,True,1,0,0.35,1.5,2,False,train_in_sample,rf
2025-07-04 17:00:00,RES_EP_001,45.6,60.6,36.1,354.8,2.507,1,1.0,2025-07-04,17,peak_reduce,peak_reduce,none,25.3584,1.3584,25.47,2.507,1.6296,0.0,1.0,75,yellow,peak,2.6705,synthetic_sample,none,True,peak_reduce: following plan,"plan: peak_reduce (cut 0.35, boost 0.00 kWh) | gate: next 25.47 C <= 26.0 C ok",peak_reduce,1.6296,0.8774,0.321,True,1,0,0.35,1.5,2,False,train_in_sample,rf
2025-07-04 18:00:00,RES_EP_001,42.7,65.1,34.7,173.1,1.933,1,1.0,2025-07-04,18,peak_reduce,peak_reduce,none,25.47,1.47,25.4795,1.933,1.2565,0.0,1.0,75,yellow,peak,1.8755,synthetic_sample,none,True,peak_reduce: following plan,"plan: peak_reduce (cut 0.35, boost 0.00 kWh) | gate: next 25.48 C <= 26.0 C ok",peak_reduce,1.2565,0.6765,0.265,True,1,0,0.35,1.5,2,False,train_in_sample,rf
2025-07-04 19:00:00,RES_EP_001,41.0,66.8,33.6,0.0,0.871,0,0.05,2025-07-04,19,normal,normal,none,25.4795,1.4795,24.5408,0.871,2.5149,1.6439,0.0,40,green,offpeak,0.9228,synthetic_sample,none,True,recovery: restoring setpoint after the reduction window,"plan: normal (cut 0.00, boost 0.00 kWh) | recovery: indoor +1.48 C above setpoint, thermostat pulls back | gate: next 24.54 C <= 26.0 C ok",normal,2.5149,0.0,0.26,True,0,0,0.35,1.5,2,False,train_in_sample,rf
2025-07-04 20:00:00,RES_EP_001,40.2,64.6,32.2,0.0,0.0,0,0.02,2025-07-04,20,normal,normal,none,24.5408,0.5408,24.1977,0.0,0.6009,0.6009,0.0,40,green,offpeak,0.0726,synthetic_sample,none,True,recovery: restoring setpoint after the reduction window,"plan: normal (cut 0.00, boost 0.00 kWh) | recovery: indoor +0.54 C above setpoint, thermostat pulls back | gate: next 24.20 C <= 26.0 C ok",normal,0.6009,0.0,0.73,True,0,0,0.35,1.5,2,False,train_in_sample,rf
2025-07-04 21:00:00,RES_EP_001,37.7,68.4,30.9,0.0,0.863,0,0.0,2025-07-04,21,normal,normal,none,24.1977,0.1977,24.0723,0.863,1.0827,0.2197,0.0,40,green,offpeak,0.6025,synthetic_sample,none,True,recovery: restoring setpoint after the reduction window,"plan: normal (cut 0.00, boost 0.00 kWh) | recovery: indoor +0.20 C above setpoint, thermostat pulls back | gate: next 24.07 C <= 26.0 C ok",normal,1.0827,0.0,0.901,True,0,0,0.35,1.5,2,False,train_in_sample,rf
2025-07-04 22:00:00,RES_EP_001,36.1,65.2,28.5,0.0,0.477,0,0.0,2025-07-04,22,normal,normal,none,24.0723,0.0723,24.0264,0.477,0.5573,0.0803,0.0,40,green,offpeak,0.5022,synthetic_sample,none,True,recovery: restoring setpoint after the reduction window,"plan: normal (cut 0.00, boost 0.00 kWh) | recovery: indoor +0.07 C above setpoint, thermostat pulls back | gate: next 24.03 C <= 26.0 C ok",normal,0.5573,0.0,0.964,True,0,0,0.35,1.5,2,False,train_in_sample,rf
2025-07-04 23:00:00,RES_EP_001,34.7,64.9,27.1,0.0,0.437,0,0.0,2025-07-04,23,normal,normal,none,24.0264,0.0264,24.0216,0.437,0.437,0.0,0.0,40,green,offpeak,0.4826,synthetic_sample,none,True,normal: following plan,"plan: normal (cut 0.00, boost 0.00 kWh) | gate: next 24.02 C <= 26.0 C ok",normal,0.437,0.0,0.987,True,0,0,0.35,1.5,2,False,train_in_sample,rf
2025-07-05 00:00:00,RES_EP_001,33.8,59.5,24.8,0.0,0.251,0,0.0,2025-07-05,0,normal,normal,none,24.0,0.0,24.0,0.251,0.251,0.0,0.0,40,green,offpeak,0.4389,synthetic_sample,none,True,normal: following plan,"plan: normal (cut 0.00, boost 0.00 kWh) | gate: next 24.00 C <= 26.0 C ok",normal,0.251,0.0,1.0,True,0,0,0.4,1.5,4,False,train_in_sample,rf
2025-07-05 01:00:00,RES_EP_001,33.6,58.4,24.3,0.0,0.706,0,0.0,2025-07-05,1,normal,normal,none,24.0,0.0,24.0,0.706,0.706,0.0,0.0,40,green,offpeak,0.633,synthetic_sample,none,True,normal: following plan,"plan: normal (cut 0.00, boost 0.00 kWh) | gate: next 24.00 C <= 26.0 C ok",normal,0.706,0.0,1.0,True,0,0,0.4,1.5,4,False,train_in_sample,rf
2025-07-05 02:00:00,RES_EP_001,31.6,57.1,22.1,0.0,0.594,0,0.0,2025-07-05,2,normal,normal,none,24.0,0.0,24.0,0.594,0.594,0.0,0.0,40,green,offpeak,0.575,synthetic_sample,none,False,normal: following plan,"plan: normal (cut 0.00, boost 0.00 kWh) | gate: next 24.00 C <= 26.0 C ok",normal,0.594,0.0,1.0,True,0,0,0.4,1.5,4,False,train_in_sample,rf
2025-07-05 03:00:00,RES_EP_001,33.3,54.1,22.7,0.0,0.427,0,0.0,2025-07-05,3,normal,normal,none,24.0,0.0,24.0,0.427,0.427,0.0,0.0,40,green,offpeak,0.533,synthetic_sample,none,False,normal: following plan,"plan: normal (cut 0.00, boost 0.00 kWh) | gate: next 24.00 C <= 26.0 C ok",normal,0.427,0.0,1.0,True,0,0,0.4,1.5,4,False,train_in_sample,rf
2025-07-05 04:00:00,RES_EP_001,34.0,52.3,22.8,0.0,0.91,0,0.0,2025-07-05,4,normal,normal,none,24.0,0.0,24.0,0.91,0.91,0.0,0.0,40,green,offpeak,0.6912,synthetic_sample,none,False,normal: following plan,"plan: normal (cut 0.00, boost 0.00 kWh) | gate: next 24.00 C <= 26.0 C ok",normal,0.91,0.0,1.0,True,0,0,0.4,1.5,4,False,train_in_sample,rf
2025-07-05 05:00:00,RES_EP_001,35.0,55.5,24.7,0.0,0.59,0,0.0,2025-07-05,5,normal,normal,none,24.0,0.0,24.0,0.59,0.59,0.0,0.0,40,green,offpeak,0.5792,synthetic_sample,none,True,normal: following plan,"plan: normal (cut 0.00, boost 0.00 kWh) | gate: next 24.00 C <= 26.0 C ok",normal,0.59,0.0,1.0,True,0,0,0.4,1.5,4,False,train_in_sample,rf
2025-07-05 06:00:00,RES_EP_001,35.3,48.7,22.8,191.2,0.36,0,0.0,2025-07-05,6,normal,normal,none,24.0,0.0,24.0,0.36,0.36,0.0,0.0,40,green,offpeak,0.469,synthetic_sample,none,False,normal: following plan,"plan: normal (cut 0.00, boost 0.00 kWh) | gate: next 24.00 C <= 26.0 C ok",normal,0.36,0.0,1.0,True,0,0,0.4,1.5,4,False,train_in_sample,rf
2025-07-05 07:00:00,RES_EP_001,38.2,48.3,25.3,335.4,0.379,0,0.0,2025-07-05,7,normal,normal,none,24.0,0.0,24.0,0.379,0.379,0.0,0.0,40,green,offpeak,0.4295,synthetic_sample,none,True,normal: following plan,"plan: normal (cut 0.00, boost 0.00 kWh) | gate: next 24.00 C <= 26.0 C ok",normal,0.379,0.0,1.0,True,0,0,0.4,1.5,4,False,train_in_sample,rf
2025-07-05 08:00:00,RES_EP_001,39.1,51.3,27.2,481.6,0.054,0,0.0,2025-07-05,8,pre_cool,pre_cool,none,24.0,0.0,23.3882,0.054,1.554,0.0,-1.0,100,blue,offpeak,0.046,synthetic_sample,none,True,pre_cool: following plan,"plan: pre_cool (cut 0.00, boost 1.50 kWh) | gate: next 23.39 C <= 26.0 C ok",pre_cool,1.554,0.0,1.0,True,0,1,0.4,1.5,4,False,train_in_sample,rf
2025-07-05 09:00:00,RES_EP_001,42.0,52.9,30.4,701.0,1.27,0,0.0,2025-07-05,9,pre_cool,pre_cool,none,23.3882,-0.6118,22.8873,1.27,2.77,0.0,-1.0,100,blue,offpeak,1.1929,synthetic_sample,none,True,pre_cool: following plan,"plan: pre_cool (cut 0.00, boost 1.50 kWh) | gate: next 22.89 C <= 26.0 C ok",pre_cool,2.77,0.0,1.0,True,0,1,0.4,1.5,4,False,train_in_sample,rf
2025-07-05 10:00:00,RES_EP_001,43.1,47.8,29.6,723.5,1.913,0,0.0,2025-07-05,10,pre_cool,pre_cool,none,22.8873,-1.1127,22.4772,1.913,3.413,0.0,-1.0,100,blue,offpeak,1.836,synthetic_sample,none,True,pre_cool: following plan,"plan: pre_cool (cut 0.00, boost 1.50 kWh) | gate: next 22.48 C <= 26.0 C ok",pre_cool,3.413,0.0,1.0,True,0,1,0.4,1.5,4,False,train_in_sample,rf
2025-07-05 11:00:00,RES_EP_001,44.8,49.6,31.8,791.2,2.727,0,0.17,2025-07-05,11,pre_cool,pre_cool,none,22.4772,-1.5228,22.3972,2.727,3.6,0.0,-1.0,100,blue,offpeak,2.8351,synthetic_sample,none,True,pre_cool: following plan,"plan: pre_cool (cut 0.00, boost 1.50 kWh) | gate: next 22.40 C <= 26.0 C ok",pre_cool,3.6,0.0,1.0,True,0,1,0.4,1.5,4,False,train_in_sample,rf
2025-07-05 12:00:00,RES_EP_001,45.8,47.8,32.0,779.9,2.998,1,0.98,2025-07-05,12,peak_reduce,peak_reduce,none,22.3972,-1.6028,23.1768,2.998,1.7988,0.0,1.0,75,yellow,peak,3.0729,synthetic_sample,none,True,peak_reduce: following plan,"plan: peak_reduce (cut 0.40, boost 0.00 kWh) | gate: next 23.18 C <= 26.0 C ok",peak_reduce,1.7988,1.1992,1.0,True,1,0,0.4,1.5,4,False,train_in_sample,rf
2025-07-05 13:00:00,RES_EP_001,47.4,53.2,35.4,855.1,3.596,1,0.99,2025-07-05,13,peak_reduce,peak_reduce,none,23.1768,-0.8232,23.9127,3.596,2.1576,0.0,1.0,75,yellow,peak,3.4188,synthetic_sample,none,True,peak_reduce: following plan,"plan: peak_reduce (cut 0.40, boost 0.00 kWh) | gate: next 23.91 C <= 26.0 C ok",peak_reduce,2.1576,1.4384,1.0,True,1,0,0.4,1.5,4,False,train_in_sample,rf
2025-07-05 14:00:00,RES_EP_001,48.4,57.5,37.8,829.7,3.274,1,1.0,2025-07-05,14,peak_reduce,peak_reduce,none,23.9127,-0.0873,24.4627,3.274,1.9644,0.0,1.0,75,yellow,peak,3.1969,synthetic_sample,none,True,peak_reduce: following plan,"plan: peak_reduce (cut 0.40, boost 0.00 kWh) | gate: next 24.46 C <= 26.0 C ok",peak_reduce,1.9644,1.3096,1.0,True,1,0,0.4,1.5,4,False,train_in_sample,rf
2025-07-05 15:00:00,RES_EP_001,45.8,59.8,36.1,683.0,3.294,1,1.0,2025-07-05,15,peak_reduce,peak_reduce,none,24.4627,0.4627,24.9162,3.294,1.9764,0.0,1.0,75,yellow,peak,3.173,synthetic_sample,none,True,peak_reduce: following plan,"plan: peak_reduce (cut 0.40, boost 0.00 kWh) | gate: next 24.92 C <= 26.0 C ok",peak_reduce,1.9764,1.3176,0.769,True,1,0,0.4,1.5,4,False,train_in_sample,rf
2025-07-05 16:00:00,RES_EP_001,45.6,59.0,35.6,507.5,2.912,1,1.0,2025-07-05,16,peak_reduce,peak_reduce,none,24.9162,0.9162,25.2252,2.912,1.7472,0.0,1.0,75,yellow,peak,2.9775,synthetic_sample,none,True,peak_reduce: following plan,"plan: peak_reduce (cut 0.40, boost 0.00 kWh) | gate: next 25.23 C <= 26.0 C ok",peak_reduce,1.7472,1.1648,0.542,True,1,0,0.4,1.5,4,False,train_in_sample,rf
2025-07-05 17:00:00,RES_EP_001,44.8,65.8,36.9,367.1,2.813,1,1.0,2025-07-05,17,peak_reduce,peak_reduce,none,25.2252,1.2252,25.462,2.813,1.6878,0.0,1.0,75,yellow,peak,2.7418,synthetic_sample,none,True,peak_reduce: following plan,"plan: peak_reduce (cut 0.40, boost 0.00 kWh) | gate: next 25.46 C <= 26.0 C ok",peak_reduce,1.6878,1.1252,0.387,True,1,0,0.4,1.5,4,False,train_in_sample,rf
2025-07-05 18:00:00,RES_EP_001,42.8,64.4,34.6,192.9,1.453,1,1.0,2025-07-05,18,peak_reduce,peak_reduce,none,25.462,1.462,25.434,1.453,0.8718,0.0,1.0,75,yellow,peak,1.6966,synthetic_sample,none,True,peak_reduce: following plan,"plan: peak_reduce (cut 0.40, boost 0.00 kWh) | gate: next 25.43 C <= 26.0 C ok",peak_reduce,0.8718,0.5812,0.269,True,1,0,0.4,1.5,4,False,train_in_sample,rf
2025-07-05 19:00:00,RES_EP_001,41.0,67.0,33.6,0.0,1.247,0,0.08,2025-07-05,19,normal,normal,none,25.434,1.434,24.5242,1.247,2.8404,1.5934,0.0,40,green,offpeak,1.0007,synthetic_sample,none,True,recovery: restoring setpoint after the reduction window,"plan: normal (cut 0.00, boost 0.00 kWh) | recovery: indoor +1.43 C above setpoint, thermostat pulls back | gate: next 24.52 C <= 26.0 C ok",normal,2.8404,0.0,0.283,True,0,0,0.4,1.5,4,False,train_in_sample,rf
2025-07-05 20:00:00,RES_EP_001,39.9,64.1,31.8,0.0,0.068,0,0.01,2025-07-05,20,normal,normal,none,24.5242,0.5242,24.1916,0.068,0.6505,0.5825,0.0,40,green,offpeak,0.0736,synthetic_sample,none,True,recovery: restoring setpoint after the reduction window,"plan: normal (cut 0.00, boost 0.00 kWh) | recovery: indoor +0.52 C above setpoint, thermostat pulls back | gate: next 24.19 C <= 26.0 C ok",normal,0.6505,0.0,0.738,True,0,0,0.4,1.5,4,False,train_in_sample,rf
2025-07-05 21:00:00,RES_EP_001,37.8,67.3,30.7,0.0,0.529,0,0.01,2025-07-05,21,normal,normal,none,24.1916,0.1916,24.0701,0.529,0.7419,0.2129,0.0,40,green,offpeak,0.5841,synthetic_sample,none,True,recovery: restoring setpoint after the reduction window,"plan: normal (cut 0.00, boost 0.00 kWh) | recovery: indoor +0.19 C above setpoint, thermostat pulls back | gate: next 24.07 C <= 26.0 C ok",normal,0.7419,0.0,0.904,True,0,0,0.4,1.5,4,False,train_in_sample,rf
2025-07-05 22:00:00,RES_EP_001,35.5,66.7,28.3,0.0,0.672,0,0.0,2025-07-05,22,normal,normal,none,24.0701,0.0701,24.0256,0.672,0.7498,0.0778,0.0,40,green,offpeak,0.6229,synthetic_sample,none,True,recovery: restoring setpoint after the reduction window,"plan: normal (cut 0.00, boost 0.00 kWh) | recovery: indoor +0.07 C above setpoint, thermostat pulls back | gate: next 24.03 C <= 26.0 C ok",normal,0.7498,0.0,0.965,True,0,0,0.4,1.5,4,False,train_in_sample,rf
2025-07-05 23:00:00,RES_EP_001,34.1,64.4,26.4,0.0,0.632,0,0.0,2025-07-05,23,normal,normal,none,24.0256,0.0256,24.021,0.632,0.632,0.0,0.0,40,green,offpeak,0.5847,synthetic_sample,none,True,normal: following plan,"plan: normal (cut 0.00, boost 0.00 kWh) | gate: next 24.02 C <= 26.0 C ok",normal,0.632,0.0,0.987,True,0,0,0.4,1.5,4,False,train_in_sample,rf
2025-07-06 00:00:00,RES_EP_001,35.2,61.0,26.5,0.0,0.517,0,0.0,2025-07-06,0,normal,normal,none,24.0,0.0,24.0,0.517,0.517,0.0,0.0,40,green,offpeak,0.5386,synthetic_sample,none,True,normal: following plan,"plan: normal (cut 0.00, boost 0.00 kWh) | gate: next 24.00 C <= 26.0 C ok",normal,0.517,0.0,1.0,True,0,0,0.4,1.5,4,False,train_in_sample,rf
2025-07-06 01:00:00,RES_EP_001,32.9,59.0,23.8,0.0,0.731,0,0.0,2025-07-06,1,normal,normal,none,24.0,0.0,24.0,0.731,0.731,0.0,0.0,40,green,offpeak,0.6666,synthetic_sample,none,False,normal: following plan,"plan: normal (cut 0.00, boost 0.00 kWh) | gate: next 24.00 C <= 26.0 C ok",normal,0.731,0.0,1.0,True,0,0,0.4,1.5,4,False,train_in_sample,rf
2025-07-06 02:00:00,RES_EP_001,32.9,60.7,24.3,0.0,0.687,0,0.0,2025-07-06,2,normal,normal,none,24.0,0.0,24.0,0.687,0.687,0.0,0.0,40,green,offpeak,0.6376,synthetic_sample,none,True,normal: following plan,"plan: normal (cut 0.00, boost 0.00 kWh) | gate: next 24.00 C <= 26.0 C ok",normal,0.687,0.0,1.0,True,0,0,0.4,1.5,4,False,train_in_sample,rf
2025-07-06 03:00:00,RES_EP_001,33.1,54.7,22.7,0.0,0.225,0,0.0,2025-07-06,3,normal,normal,none,24.0,0.0,24.0,0.225,0.225,0.0,0.0,40,green,offpeak,0.4094,synthetic_sample,none,False,normal: following plan,"plan: normal (cut 0.00, boost 0.00 kWh) | gate: next 24.00 C <= 26.0 C ok",normal,0.225,0.0,1.0,True,0,0,0.4,1.5,4,False,train_in_sample,rf
2025-07-06 04:00:00,RES_EP_001,34.4,55.4,24.1,0.0,0.646,0,0.0,2025-07-06,4,normal,normal,none,24.0,0.0,24.0,0.646,0.646,0.0,0.0,40,green,offpeak,0.6316,synthetic_sample,none,True,normal: following plan,"plan: normal (cut 0.00, boost 0.00 kWh) | gate: next 24.00 C <= 26.0 C ok",normal,0.646,0.0,1.0,True,0,0,0.4,1.5,4,False,train_in_sample,rf
2025-07-06 05:00:00,RES_EP_001,34.8,52.5,23.6,0.0,0.612,0,0.0,2025-07-06,5,normal,normal,none,24.0,0.0,24.0,0.612,0.612,0.0,0.0,40,green,offpeak,0.6364,synthetic_sample,none,False,normal: following plan,"plan: normal (cut 0.00, boost 0.00 kWh) | gate: next 24.00 C <= 26.0 C ok",normal,0.612,0.0,1.0,True,0,0,0.4,1.5,4,False,train_in_sample,rf
2025-07-06 06:00:00,RES_EP_001,36.8,50.4,24.8,187.6,0.919,0,0.0,2025-07-06,6,normal,normal,none,24.0,0.0,24.0,0.919,0.919,0.0,0.0,40,green,offpeak,0.731,synthetic_sample,none,True,normal: following plan,"plan: normal (cut 0.00, boost 0.00 kWh) | gate: next 24.00 C <= 26.0 C ok",normal,0.919,0.0,1.0,True,0,0,0.4,1.5,4,False,train_in_sample,rf
2025-07-06 07:00:00,RES_EP_001,38.5,47.9,25.5,362.8,0.522,0,0.0,2025-07-06,7,normal,normal,none,24.0,0.0,24.0,0.522,0.522,0.0,0.0,40,green,offpeak,0.4343,synthetic_sample,none,True,normal: following plan,"plan: normal (cut 0.00, boost 0.00 kWh) | gate: next 24.00 C <= 26.0 C ok",normal,0.522,0.0,1.0,True,0,0,0.4,1.5,4,False,train_in_sample,rf
2025-07-06 08:00:00,RES_EP_001,39.7,50.7,27.5,545.5,0.0,0,0.0,2025-07-06,8,pre_cool,pre_cool,none,24.0,0.0,23.3882,0.0,1.5,0.0,-1.0,100,blue,offpeak,0.0308,synthetic_sample,none,True,pre_cool: following plan,"plan: pre_cool (cut 0.00, boost 1.50 kWh) | gate: next 23.39 C <= 26.0 C ok",pre_cool,1.5,0.0,1.0,True,0,1,0.4,1.5,4,False,train_in_sample,rf
2025-07-06 09:00:00,RES_EP_001,41.0,50.3,28.6,618.9,1.065,0,0.01,2025-07-06,9,pre_cool,pre_cool,none,23.3882,-0.6118,22.8873,1.065,2.565,0.0,-1.0,100,blue,offpeak,1.0999,synthetic_sample,none,True,pre_cool: following plan,"plan: pre_cool (cut 0.00, boost 1.50 kWh) | gate: next 22.89 C <= 26.0 C ok",pre_cool,2.565,0.0,1.0,True,0,1,0.4,1.5,4,False,train_in_sample,rf
2025-07-06 10:00:00,RES_EP_001,42.4,53.5,30.9,789.2,1.558,0,0.0,2025-07-06,10,pre_cool,pre_cool,none,22.8873,-1.1127,22.4772,1.558,3.058,0.0,-1.0,100,blue,offpeak,1.6672,synthetic_sample,none,True,pre_cool: following plan,"plan: pre_cool (cut 0.00, boost 1.50 kWh) | gate: next 22.48 C <= 26.0 C ok",pre_cool,3.058,0.0,1.0,True,0,1,0.4,1.5,4,False,train_in_sample,rf
2025-07-06 11:00:00,RES_EP_001,44.7,51.5,32.4,796.9,2.874,0,0.04,2025-07-06,11,pre_cool,pre_cool,none,22.4772,-1.5228,22.4572,2.874,3.6,0.0,-1.0,100,blue,offpeak,2.8678,synthetic_sample,none,True,pre_cool: following plan,"plan: pre_cool (cut 0.00, boost 1.50 kWh) | gate: next 22.46 C <= 26.0 C ok",pre_cool,3.6,0.0,1.0,True,0,1,0.4,1.5,4,False,train_in_sample,rf
2025-07-06 12:00:00,RES_EP_001,46.6,50.7,33.8,826.8,3.38,1,0.96,2025-07-06,12,peak_reduce,peak_reduce,none,22.4572,-1.5428,23.2883,3.38,2.028,0.0,1.0,75,yellow,peak,3.3571,synthetic_sample,none,True,peak_reduce: following plan,"plan: peak_reduce (cut 0.40, boost 0.00 kWh) | gate: next 23.29 C <= 26.0 C ok",peak_reduce,2.028,1.352,1.0,True,1,0,0.4,1.5,4,False,train_in_sample,rf
2025-07-06 13:00:00,RES_EP_001,46.5,55.1,35.2,782.9,3.314,1,1.0,2025-07-06,13,peak_reduce,peak_reduce,none,23.2883,-0.7117,23.9579,3.314,1.9884,0.0,1.0,75,yellow,peak,3.2861,synthetic_sample,none,True,peak_reduce: following plan,"plan: peak_reduce (cut 0.40, boost 0.00 kWh) | gate: next 23.96 C <= 26.0 C ok",peak_reduce,1.9884,1.3256,1.0,True,1,0,0.4,1.5,4,False,train_in_sample,rf
2025-07-06 14:00:00,RES_EP_001,47.4,58.8,37.3,742.9,2.949,1,1.0,2025-07-06,14,peak_reduce,peak_reduce,none,23.9579,-0.0421,24.4467,2.949,1.7694,0.0,1.0,75,yellow,peak,3.0806,synthetic_sample,none,True,peak_reduce: following plan,"plan: peak_reduce (cut 0.40, boost 0.00 kWh) | gate: next 24.45 C <= 26.0 C ok",peak_reduce,1.7694,1.1796,1.0,True,1,0,0.4,1.5,4,False,train_in_sample,rf
2025-07-06 15:00:00,RES_EP_001,46.4,56.5,35.6,659.9,2.974,1,1.0,2025-07-06,15,peak_reduce,peak_reduce,none,24.4467,0.4467,24.8509,2.974,1.7844,0.0,1.0,75,yellow,peak,3.0818,synthetic_sample,none,True,peak_reduce: following plan,"plan: peak_reduce (cut 0.40, boost 0.00 kWh) | gate: next 24.85 C <= 26.0 C ok",peak_reduce,1.7844,1.1896,0.777,True,1,0,0.4,1.5,4,False,train_in_sample,rf
2025-07-06 16:00:00,RES_EP_001,46.4,60.4,36.8,458.8,3.281,1,1.0,2025-07-06,16,peak_reduce,peak_reduce,none,24.8509,0.8509,25.2319,3.281,1.9686,0.0,1.0,75,yellow,peak,3.1117,synthetic_sample,none,True,peak_reduce: following plan,"plan: peak_reduce (cut 0.40, boost 0.00 kWh) | gate: next 25.23 C <= 26.0 C ok",peak_reduce,1.9686,1.3124,0.575,True,1,0,0.4,1.5,4,False,train_in_sample,rf
2025-07-06 17:00:00,RES_EP_001,46.2,62.0,37.1,328.7,2.318,1,1.0,2025-07-06,17,peak_reduce,peak_reduce,none,25.2319,1.2319,25.3868,2.318,1.3908,0.0,1.0,75,yellow,peak,2.6894,synthetic_sample,none,True,peak_reduce: following plan,"plan: peak_reduce (cut 0.40, boost 0.00 kWh) | gate: next 25.39 C <= 26.0 C ok",peak_reduce,1.3908,0.9272,0.384,True,1,0,0.4,1.5,4,False,train_in_sample,rf
2025-07-06 18:00:00,RES_EP_001,43.1,65.5,35.2,184.4,1.895,1,1.0,2025-07-06,18,peak_reduce,peak_reduce,none,25.3868,1.3868,25.4445,1.895,1.137,0.0,1.0,75,yellow,peak,1.7093,synthetic_sample,none,True,peak_reduce: following plan,"plan: peak_reduce (cut 0.40, boost 0.00 kWh) | gate: next 25.44 C <= 26.0 C ok",peak_reduce,1.137,0.758,0.307,True,1,0,0.4,1.5,4,False,train_in_sample,rf
2025-07-06 19:00:00,RES_EP_001,41.3,65.4,33.5,0.0,1.16,0,0.09,2025-07-06,19,normal,normal,none,25.4445,1.4445,24.5281,1.16,2.765,1.605,0.0,40,green,offpeak,1.1064,synthetic_sample,none,True,recovery: restoring setpoint after the reduction window,"plan: normal (cut 0.00, boost 0.00 kWh) | recovery: indoor +1.44 C above setpoint, thermostat pulls back | gate: next 24.53 C <= 26.0 C ok",normal,2.765,0.0,0.278,True,0,0,0.4,1.5,4,False,train_in_sample,rf
2025-07-06 20:00:00,RES_EP_001,39.9,64.9,32.0,0.0,0.0,0,0.01,2025-07-06,20,normal,normal,none,24.5281,0.5281,24.193,0.0,0.5867,0.5867,0.0,40,green,offpeak,0.098,synthetic_sample,none,True,recovery: restoring setpoint after the reduction window,"plan: normal (cut 0.00, boost 0.00 kWh) | recovery: indoor +0.53 C above setpoint, thermostat pulls back | gate: next 24.19 C <= 26.0 C ok",normal,0.5867,0.0,0.736,True,0,0,0.4,1.5,4,False,train_in_sample,rf
2025-07-06 21:00:00,RES_EP_001,37.5,63.5,29.4,0.0,0.213,0,0.0,2025-07-06,21,normal,normal,none,24.193,0.193,24.0706,0.213,0.4275,0.2145,0.0,40,green,offpeak,0.3579,synthetic_sample,none,True,recovery: restoring setpoint after the reduction window,"plan: normal (cut 0.00, boost 0.00 kWh) | recovery: indoor +0.19 C above setpoint, thermostat pulls back | gate: next 24.07 C <= 26.0 C ok",normal,0.4275,0.0,0.903,True,0,0,0.4,1.5,4,False,train_in_sample,rf
2025-07-06 22:00:00,RES_EP_001,36.4,64.3,28.5,0.0,0.544,0,0.0,2025-07-06,22,normal,normal,none,24.0706,0.0706,24.0258,0.544,0.6224,0.0784,0.0,40,green,offpeak,0.5139,synthetic_sample,none,True,recovery: restoring setpoint after the reduction window,"plan: normal (cut 0.00, boost 0.00 kWh) | recovery: indoor +0.07 C above setpoint, thermostat pulls back | gate: next 24.03 C <= 26.0 C ok",normal,0.6224,0.0,0.965,True,0,0,0.4,1.5,4,False,train_in_sample,rf
2025-07-06 23:00:00,RES_EP_001,36.0,65.0,28.4,0.0,0.531,0,0.0,2025-07-06,23,normal,normal,none,24.0258,0.0258,24.0211,0.531,0.531,0.0,0.0,40,green,offpeak,0.5135,synthetic_sample,none,True,normal: following plan,"plan: normal (cut 0.00, boost 0.00 kWh) | gate: next 24.02 C <= 26.0 C ok",normal,0.531,0.0,0.987,True,0,0,0.4,1.5,4,False,train_in_sample,rf
2025-07-07 00:00:00,RES_EP_001,33.6,61.6,25.2,0.0,0.399,0,0.0,2025-07-07,0,normal,normal,none,24.0,0.0,24.0,0.399,0.399,0.0,0.0,40,green,offpeak,0.4456,synthetic_sample,none,True,normal: following plan,"plan: normal (cut 0.00, boost 0.00 kWh) | gate: next 24.00 C <= 26.0 C ok",normal,0.399,0.0,1.0,True,0,0,0.45,1.5,4,False,train_in_sample,rf
2025-07-07 01:00:00,RES_EP_001,33.4,60.9,24.8,0.0,0.21,0,0.0,2025-07-07,1,normal,normal,none,24.0,0.0,24.0,0.21,0.21,0.0,0.0,40,green,offpeak,0.3728,synthetic_sample,none,True,normal: following plan,"plan: normal (cut 0.00, boost 0.00 kWh) | gate: next 24.00 C <= 26.0 C ok",normal,0.21,0.0,1.0,True,0,0,0.45,1.5,4,False,train_in_sample,rf
2025-07-07 02:00:00,RES_EP_001,32.9,54.4,22.5,0.0,0.497,0,0.0,2025-07-07,2,normal,normal,none,24.0,0.0,24.0,0.497,0.497,0.0,0.0,40,green,offpeak,0.4873,synthetic_sample,none,False,normal: following plan,"plan: normal (cut 0.00, boost 0.00 kWh) | gate: next 24.00 C <= 26.0 C ok",normal,0.497,0.0,1.0,True,0,0,0.45,1.5,4,False,train_in_sample,rf
2025-07-07 03:00:00,RES_EP_001,32.7,57.9,23.3,0.0,0.526,0,0.0,2025-07-07,3,normal,normal,none,24.0,0.0,24.0,0.526,0.526,0.0,0.0,40,green,offpeak,0.5293,synthetic_sample,none,False,normal: following plan,"plan: normal (cut 0.00, boost 0.00 kWh) | gate: next 24.00 C <= 26.0 C ok",normal,0.526,0.0,1.0,True,0,0,0.45,1.5,4,False,train_in_sample,rf
2025-07-07 04:00:00,RES_EP_001,34.4,51.8,23.0,0.0,0.688,0,0.0,2025-07-07,4,normal,normal,none,24.0,0.0,24.0,0.688,0.688,0.0,0.0,40,green,offpeak,0.6634,synthetic_sample,none,False,normal: following plan,"plan: normal (cut 0.00, boost 0.00 kWh) | gate: next 24.00 C <= 26.0 C ok",normal,0.688,0.0,1.0,True,0,0,0.45,1.5,4,False,train_in_sample,rf
2025-07-07 05:00:00,RES_EP_001,35.1,50.3,23.2,0.0,0.814,0,0.0,2025-07-07,5,normal,normal,none,24.0,0.0,24.0,0.814,0.814,0.0,0.0,40,green,offpeak,0.7327,synthetic_sample,none,False,normal: following plan,"plan: normal (cut 0.00, boost 0.00 kWh) | gate: next 24.00 C <= 26.0 C ok",normal,0.814,0.0,1.0,True,0,0,0.45,1.5,4,False,train_in_sample,rf
2025-07-07 06:00:00,RES_EP_001,37.2,49.6,24.9,179.6,0.314,0,0.0,2025-07-07,6,normal,normal,none,24.0,0.0,24.0,0.314,0.314,0.0,0.0,40,green,offpeak,0.5593,synthetic_sample,none,True,normal: following plan,"plan: normal (cut 0.00, boost 0.00 kWh) | gate: next 24.00 C <= 26.0 C ok",normal,0.314,0.0,1.0,True,0,0,0.45,1.5,4,False,train_in_sample,rf
2025-07-07 07:00:00,RES_EP_001,38.2,50.9,26.2,343.5,0.308,0,0.0,2025-07-07,7,normal,normal,none,24.0,0.0,24.0,0.308,0.308,0.0,0.0,40,green,offpeak,0.3549,synthetic_sample,none,True,normal: following plan,"plan: normal (cut 0.00, boost 0.00 kWh) | gate: next 24.00 C <= 26.0 C ok",normal,0.308,0.0,1.0,True,0,0,0.45,1.5,4,False,train_in_sample,rf
2025-07-07 08:00:00,RES_EP_001,39.8,51.4,27.9,557.2,0.0,0,0.0,2025-07-07,8,pre_cool,pre_cool,none,24.0,0.0,23.3882,0.0,1.5,0.0,-1.0,100,blue,offpeak,0.0316,synthetic_sample,none,True,pre_cool: following plan,"plan: pre_cool (cut 0.00, boost 1.50 kWh) | gate: next 23.39 C <= 26.0 C ok",pre_cool,1.5,0.0,1.0,True,0,1,0.45,1.5,4,False,train_in_sample,rf
2025-07-07 09:00:00,RES_EP_001,41.6,48.1,28.4,657.0,0.856,0,0.01,2025-07-07,9,pre_cool,pre_cool,none,23.3882,-0.6118,22.8873,0.856,2.356,0.0,-1.0,100,blue,offpeak,0.9374,synthetic_sample,none,True,pre_cool: following plan,"plan: pre_cool (cut 0.00, boost 1.50 kWh) | gate: next 22.89 C <= 26.0 C ok",pre_cool,2.356,0.0,1.0,True,0,1,0.45,1.5,4,False,train_in_sample,rf
2025-07-07 10:00:00,RES_EP_001,43.0,48.1,29.6,767.5,1.78,0,0.0,2025-07-07,10,pre_cool,pre_cool,none,22.8873,-1.1127,22.4772,1.78,3.28,0.0,-1.0,100,blue,offpeak,1.7715,synthetic_sample,none,True,pre_cool: following plan,"plan: pre_cool (cut 0.00, boost 1.50 kWh) | gate: next 22.48 C <= 26.0 C ok",pre_cool,3.28,0.0,1.0,True,0,1,0.45,1.5,4,False,train_in_sample,rf
2025-07-07 11:00:00,RES_EP_001,45.7,47.9,32.0,788.9,2.461,0,0.0,2025-07-07,11,pre_cool,pre_cool,none,22.4772,-1.5228,22.2887,2.461,3.6,0.0,-1.0,100,blue,offpeak,2.522,synthetic_sample,none,True,pre_cool: following plan,"plan: pre_cool (cut 0.00, boost 1.50 kWh) | gate: next 22.29 C <= 26.0 C ok",pre_cool,3.6,0.0,1.0,True,0,1,0.45,1.5,4,False,train_in_sample,rf
2025-07-07 12:00:00,RES_EP_001,46.1,52.4,34.0,793.3,2.602,1,1.0,2025-07-07,12,peak_reduce,peak_reduce,none,22.2887,-1.7113,23.0765,2.602,1.4311,0.0,1.0,75,yellow,peak,2.5896,synthetic_sample,none,True,peak_reduce: following plan,"plan: peak_reduce (cut 0.45, boost 0.00 kWh) | gate: next 23.08 C <= 26.0 C ok",peak_reduce,1.4311,1.1709,1.0,True,1,0,0.45,1.5,4,False,train_in_sample,rf
2025-07-07 13:00:00,RES_EP_001,46.9,50.6,34.1,867.5,2.988,1,1.0,2025-07-07,13,peak_reduce,peak_reduce,none,23.0765,-0.9235,23.7923,2.988,1.6434,0.0,1.0,75,yellow,peak,2.7878,synthetic_sample,none,True,peak_reduce: following plan,"plan: peak_reduce (cut 0.45, boost 0.00 kWh) | gate: next 23.79 C <= 26.0 C ok",peak_reduce,1.6434,1.3446,1.0,True,1,0,0.45,1.5,4,False,train_in_sample,rf
2025-07-07 14:00:00,RES_EP_001,47.1,56.0,36.1,716.1,2.859,1,1.0,2025-07-07,14,peak_reduce,peak_reduce,none,23.7923,-0.2077,24.3547,2.859,1.5725,0.0,1.0,75,yellow,peak,2.8037,synthetic_sample,none,True,peak_reduce: following plan,"plan: peak_reduce (cut 0.45, boost 0.00 kWh) | gate: next 24.35 C <= 26.0 C ok",peak_reduce,1.5725,1.2865,1.0,True,1,0,0.45,1.5,4,False,train_in_sample,rf
2025-07-07 15:00:00,RES_EP_001,46.5,57.3,36.0,713.9,2.709,1,1.0,2025-07-07,15,peak_reduce,peak_reduce,none,24.3547,0.3547,24.7876,2.709,1.49,0.0,1.0,75,yellow,peak,2.6985,synthetic_sample,none,True,peak_reduce: following plan,"plan: peak_reduce (cut 0.45, boost 0.00 kWh) | gate: next 24.79 C <= 26.0 C ok",peak_reduce,1.49,1.219,0.823,True,1,0,0.45,1.5,4,False,train_in_sample,rf
2025-07-07 16:00:00,RES_EP_001,46.2,57.3,35.7,476.4,2.571,1,1.0,2025-07-07,16,peak_reduce,peak_reduce,none,24.7876,0.7876,25.1167,2.571,1.4141,0.0,1.0,75,yellow,peak,2.5692,synthetic_sample,none,True,peak_reduce: following plan,"plan: peak_reduce (cut 0.45, boost 0.00 kWh) | gate: next 25.12 C <= 26.0 C ok",peak_reduce,1.4141,1.1569,0.606,True,1,0,0.45,1.5,4,False,train_in_sample,rf
2025-07-07 17:00:00,RES_EP_001,45.1,64.5,36.8,329.2,2.387,1,1.0,2025-07-07,17,peak_reduce,peak_reduce,none,25.1167,1.1167,25.3524,2.387,1.3129,0.0,1.0,75,yellow,peak,2.3435,synthetic_sample,none,True,peak_reduce: following plan,"plan: peak_reduce (cut 0.45, boost 0.00 kWh) | gate: next 25.35 C <= 26.0 C ok",peak_reduce,1.3129,1.0741,0.442,True,1,0,0.45,1.5,4,False,train_in_sample,rf
2025-07-07 18:00:00,RES_EP_001,42.6,62.4,33.9,199.2,1.871,1,1.0,2025-07-07,18,peak_reduce,peak_reduce,none,25.3524,1.3524,25.4506,1.871,1.0291,0.0,1.0,75,yellow,peak,1.8144,synthetic_sample,none,True,peak_reduce: following plan,"plan: peak_reduce (cut 0.45, boost 0.00 kWh) | gate: next 25.45 C <= 26.0 C ok",peak_reduce,1.0291,0.8419,0.324,True,1,0,0.45,1.5,4,False,train_in_sample,rf
2025-07-07 19:00:00,RES_EP_001,41.9,63.6,33.5,0.0,0.802,0,0.14,2025-07-07,19,normal,normal,none,25.4506,1.4506,24.5303,0.802,2.4138,1.6118,0.0,40,green,offpeak,0.9019,synthetic_sample,none,True,recovery: restoring setpoint after the reduction window,"plan: normal (cut 0.00, boost 0.00 kWh) | recovery: indoor +1.45 C above setpoint, thermostat pulls back | gate: next 24.53 C <= 26.0 C ok",normal,2.4138,0.0,0.275,True,0,0,0.45,1.5,4,False,train_in_sample,rf
2025-07-07 20:00:00,RES_EP_001,39.5,68.2,32.5,0.0,0.316,0,0.02,2025-07-07,20,normal,normal,none,24.5303,0.5303,24.1938,0.316,0.9052,0.5892,0.0,40,green,offpeak,0.1971,synthetic_sample,none,True,recovery: restoring setpoint after the reduction window,"plan: normal (cut 0.00, boost 0.00 kWh) | recovery: indoor +0.53 C above setpoint, thermostat pulls back | gate: next 24.19 C <= 26.0 C ok",normal,0.9052,0.0,0.735,True,0,0,0.45,1.5,4,False,train_in_sample,rf
2025-07-07 21:00:00,RES_EP_001,37.7,67.3,30.6,0.0,0.13,0,0.01,2025-07-07,21,normal,normal,none,24.1938,0.1938,24.0709,0.13,0.3454,0.2154,0.0,40,green,offpeak,0.2736,synthetic_sample,none,True,recovery: restoring setpoint after the reduction window,"plan: normal (cut 0.00, boost 0.00 kWh) | recovery: indoor +0.19 C above setpoint, thermostat pulls back | gate: next 24.07 C <= 26.0 C ok",normal,0.3454,0.0,0.903,True,0,0,0.45,1.5,4,False,train_in_sample,rf
2025-07-07 22:00:00,RES_EP_001,37.1,62.9,28.8,0.0,0.413,0,0.0,2025-07-07,22,normal,normal,none,24.0709,0.0709,24.0259,0.413,0.4917,0.0787,0.0,40,green,offpeak,0.4072,synthetic_sample,none,True,recovery: restoring setpoint after the reduction window,"plan: normal (cut 0.00, boost 0.00 kWh) | recovery: indoor +0.07 C above setpoint, thermostat pulls back | gate: next 24.03 C <= 26.0 C ok",normal,0.4917,0.0,0.965,True,0,0,0.45,1.5,4,False,train_in_sample,rf
2025-07-07 23:00:00,RES_EP_001,35.4,62.1,27.0,0.0,0.657,0,0.0,2025-07-07,23,normal,normal,none,24.0259,0.0259,24.0212,0.657,0.657,0.0,0.0,40,green,offpeak,0.5934,synthetic_sample,none,True,normal: following plan,"plan: normal (cut 0.00, boost 0.00 kWh) | gate: next 24.02 C <= 26.0 C ok",normal,0.657,0.0,0.987,True,0,0,0.45,1.5,4,False,train_in_sample,rf
2025-07-08 00:00:00,RES_EP_001,34.0,61.0,25.4,0.0,0.246,0,0.0,2025-07-08,0,normal,normal,none,24.0,0.0,24.0,0.246,0.246,0.0,0.0,40,green,offpeak,0.3877,synthetic_sample,none,True,normal: following plan,"plan: normal (cut 0.00, boost 0.00 kWh) | gate: next 24.00 C <= 26.0 C ok",normal,0.246,0.0,1.0,True,0,0,0.45,1.5,3,False,train_in_sample,rf
2025-07-08 01:00:00,RES_EP_001,33.2,59.9,24.3,0.0,0.544,0,0.0,2025-07-08,1,normal,normal,none,24.0,0.0,24.0,0.544,0.544,0.0,0.0,40,green,offpeak,0.5338,synthetic_sample,none,True,normal: following plan,"plan: normal (cut 0.00, boost 0.00 kWh) | gate: next 24.00 C <= 26.0 C ok",normal,0.544,0.0,1.0,True,0,0,0.45,1.5,3,False,train_in_sample,rf
2025-07-08 02:00:00,RES_EP_001,32.7,58.3,23.4,0.0,0.359,0,0.0,2025-07-08,2,normal,normal,none,24.0,0.0,24.0,0.359,0.359,0.0,0.0,40,green,offpeak,0.4341,synthetic_sample,none,False,normal: following plan,"plan: normal (cut 0.00, boost 0.00 kWh) | gate: next 24.00 C <= 26.0 C ok",normal,0.359,0.0,1.0,True,0,0,0.45,1.5,3,False,train_in_sample,rf
2025-07-08 03:00:00,RES_EP_001,33.4,55.6,23.3,0.0,0.776,0,0.0,2025-07-08,3,normal,normal,none,24.0,0.0,24.0,0.776,0.776,0.0,0.0,40,green,offpeak,0.6381,synthetic_sample,none,False,normal: following plan,"plan: normal (cut 0.00, boost 0.00 kWh) | gate: next 24.00 C <= 26.0 C ok",normal,0.776,0.0,1.0,True,0,0,0.45,1.5,3,False,train_in_sample,rf
2025-07-08 04:00:00,RES_EP_001,33.9,51.8,22.6,0.0,0.371,0,0.0,2025-07-08,4,normal,normal,none,24.0,0.0,24.0,0.371,0.371,0.0,0.0,40,green,offpeak,0.4571,synthetic_sample,none,False,normal: following plan,"plan: normal (cut 0.00, boost 0.00 kWh) | gate: next 24.00 C <= 26.0 C ok",normal,0.371,0.0,1.0,True,0,0,0.45,1.5,3,False,train_in_sample,rf
2025-07-08 05:00:00,RES_EP_001,34.6,52.4,23.4,0.0,0.777,0,0.0,2025-07-08,5,normal,normal,none,24.0,0.0,24.0,0.777,0.777,0.0,0.0,40,green,offpeak,0.7012,synthetic_sample,none,False,normal: following plan,"plan: normal (cut 0.00, boost 0.00 kWh) | gate: next 24.00 C <= 26.0 C ok",normal,0.777,0.0,1.0,True,0,0,0.45,1.5,3,False,train_in_sample,rf
2025-07-08 06:00:00,RES_EP_001,35.6,46.1,22.2,190.8,0.505,0,0.0,2025-07-08,6,normal,normal,none,24.0,0.0,24.0,0.505,0.505,0.0,0.0,40,green,offpeak,0.5149,synthetic_sample,none,False,normal: following plan,"plan: normal (cut 0.00, boost 0.00 kWh) | gate: next 24.00 C <= 26.0 C ok",normal,0.505,0.0,1.0,True,0,0,0.45,1.5,3,False,train_in_sample,rf
2025-07-08 07:00:00,RES_EP_001,38.2,47.7,25.1,373.8,0.151,0,0.0,2025-07-08,7,normal,normal,none,24.0,0.0,24.0,0.151,0.151,0.0,0.0,40,green,offpeak,0.2881,synthetic_sample,none,True,normal: following plan,"plan: normal (cut 0.00, boost 0.00 kWh) | gate: next 24.00 C <= 26.0 C ok",normal,0.151,0.0,1.0,True,0,0,0.45,1.5,3,False,train_in_sample,rf
2025-07-08 08:00:00,RES_EP_001,40.2,48.0,27.0,522.1,0.0,0,0.0,2025-07-08,8,normal,normal,none,24.0,0.0,24.0,0.0,0.0,0.0,0.0,40,green,offpeak,0.0721,synthetic_sample,none,True,normal: following plan,"plan: normal (cut 0.00, boost 0.00 kWh) | gate: next 24.00 C <= 26.0 C ok",normal,0.0,0.0,1.0,True,0,0,0.45,1.5,3,False,train_in_sample,rf
2025-07-08 09:00:00,RES_EP_001,40.9,47.8,27.6,650.8,1.114,0,0.0,2025-07-08,9,pre_cool,pre_cool,none,24.0,0.0,23.3882,1.114,2.614,0.0,-1.0,100,blue,offpeak,1.0377,synthetic_sample,none,True,pre_cool: following plan,"plan: pre_cool (cut 0.00, boost 1.50 kWh) | gate: next 23.39 C <= 26.0 C ok",pre_cool,2.614,0.0,1.0,True,0,1,0.45,1.5,3,False,train_in_sample,rf
2025-07-08 10:00:00,RES_EP_001,43.2,50.1,30.5,788.2,1.953,0,0.0,2025-07-08,10,pre_cool,pre_cool,none,23.3882,-0.6118,22.8873,1.953,3.453,0.0,-1.0,100,blue,offpeak,1.8682,synthetic_sample,none,True,pre_cool: following plan,"plan: pre_cool (cut 0.00, boost 1.50 kWh) | gate: next 22.89 C <= 26.0 C ok",pre_cool,3.453,0.0,1.0,True,0,1,0.45,1.5,3,False,train_in_sample,rf
2025-07-08 11:00:00,RES_EP_001,44.8,52.8,32.9,809.6,2.355,0,0.05,2025-07-08,11,pre_cool,pre_cool,none,22.8873,-1.1127,22.5812,2.355,3.6,0.0,-1.0,100,blue,offpeak,2.4743,synthetic_sample,none,True,pre_cool: following plan,"plan: pre_cool (cut 0.00, boost 1.50 kWh) | gate: next 22.58 C <= 26.0 C ok",pre_cool,3.6,0.0,1.0,True,0,1,0.45,1.5,3,False,train_in_sample,rf
2025-07-08 12:00:00,RES_EP_001,45.9,53.6,34.2,748.1,2.664,1,1.0,2025-07-08,12,peak_reduce,peak_reduce,none,22.5812,-1.4188,23.3274,2.664,1.4652,0.0,1.0,75,yellow,peak,2.6362,synthetic_sample,none,True,peak_reduce: following plan,"plan: peak_reduce (cut 0.45, boost 0.00 kWh) | gate: next 23.33 C <= 26.0 C ok",peak_reduce,1.4652,1.1988,1.0,True,1,0,0.45,1.5,3,False,train_in_sample,rf
2025-07-08 13:00:00,RES_EP_001,46.7,55.2,35.5,832.1,2.556,1,1.0,2025-07-08,13,peak_reduce,peak_reduce,none,23.3274,-0.6726,23.9184,2.556,1.4058,0.0,1.0,75,yellow,peak,2.691,synthetic_sample,none,True,peak_reduce: following plan,"plan: peak_reduce (cut 0.45, boost 0.00 kWh) | gate: next 23.92 C <= 26.0 C ok",peak_reduce,1.4058,1.1502,1.0,True,1,0,0.45,1.5,3,False,train_in_sample,rf
2025-07-08 14:00:00,RES_EP_001,46.5,55.7,35.4,792.3,2.871,1,1.0,2025-07-08,14,peak_reduce,peak_reduce,none,23.9184,-0.0816,24.4601,2.871,1.5791,0.0,1.0,75,yellow,peak,2.7711,synthetic_sample,none,True,peak_reduce: following plan,"plan: peak_reduce (cut 0.45, boost 0.00 kWh) | gate: next 24.46 C <= 26.0 C ok",peak_reduce,1.5791,1.2919,1.0,True,1,0,0.45,1.5,3,False,train_in_sample,rf
2025-07-08 15:00:00,RES_EP_001,46.3,61.4,37.0,643.2,2.685,1,1.0,2025-07-08,15,peak_reduce,peak_reduce,none,24.4601,0.4601,24.8695,2.685,1.4768,0.0,1.0,75,yellow,peak,2.6984,synthetic_sample,none,True,peak_reduce: following plan,"plan: peak_reduce (cut 0.45, boost 0.00 kWh) | gate: next 24.87 C <= 26.0 C ok",peak_reduce,1.4768,1.2082,0.77,True,1,0,0.45,1.5,3,False,train_in_sample,rf
2025-07-08 16:00:00,RES_EP_001,45.5,62.2,36.5,499.2,2.725,1,1.0,2025-07-08,16,peak_reduce,peak_reduce,none,24.8695,0.8695,25.212,2.725,1.4988,0.0,1.0,75,yellow,peak,2.6436,synthetic_sample,none,True,peak_reduce: following plan,"plan: peak_reduce (cut 0.45, boost 0.00 kWh) | gate: next 25.21 C <= 26.0 C ok",peak_reduce,1.4988,1.2262,0.565,True,1,0,0.45,1.5,3,False,train_in_sample,rf
2025-07-08 17:00:00,RES_EP_001,44.9,59.7,35.2,369.5,2.426,1,1.0,2025-07-08,17,peak_reduce,peak_reduce,none,25.212,1.212,25.4376,2.426,1.3343,0.0,1.0,75,yellow,peak,2.3901,synthetic_sample,none,True,peak_reduce: following plan,"plan: peak_reduce (cut 0.45, boost 0.00 kWh) | gate: next 25.44 C <= 26.0 C ok",peak_reduce,1.3343,1.0917,0.394,True,1,0,0.45,1.5,3,False,train_in_sample,rf
2025-07-08 18:00:00,RES_EP_001,43.0,63.8,34.6,185.3,1.633,1,1.0,2025-07-08,18,peak_reduce,peak_reduce,none,25.4376,1.4376,25.4767,1.633,0.8982,0.0,1.0,75,yellow,peak,1.7155,synthetic_sample,none,True,peak_reduce: following plan,"plan: peak_reduce (cut 0.45, boost 0.00 kWh) | gate: next 25.48 C <= 26.0 C ok",peak_reduce,0.8982,0.7348,0.281,True,1,0,0.45,1.5,3,False,train_in_sample,rf
2025-07-08 19:00:00,RES_EP_001,41.6,63.8,33.3,0.0,0.645,0,0.02,2025-07-08,19,normal,normal,none,25.4767,1.4767,24.5398,0.645,2.2858,1.6408,0.0,40,green,offpeak,0.8016,synthetic_sample,none,True,recovery: restoring setpoint after the reduction window,"plan: normal (cut 0.00, boost 0.00 kWh) | recovery: indoor +1.48 C above setpoint, thermostat pulls back | gate: next 24.54 C <= 26.0 C ok",normal,2.2858,0.0,0.262,True,0,0,0.45,1.5,3,False,train_in_sample,rf
2025-07-08 20:00:00,RES_EP_001,39.6,66.4,32.1,0.0,0.369,0,0.0,2025-07-08,20,normal,normal,none,24.5398,0.5398,24.1973,0.369,0.9688,0.5998,0.0,40,green,offpeak,0.3428,synthetic_sample,none,True,recovery: restoring setpoint after the reduction window,"plan: normal (cut 0.00, boost 0.00 kWh) | recovery: indoor +0.54 C above setpoint, thermostat pulls back | gate: next 24.20 C <= 26.0 C ok",normal,0.9688,0.0,0.73,True,0,0,0.45,1.5,3,False,train_in_sample,rf
2025-07-08 21:00:00,RES_EP_001,37.8,67.9,30.8,0.0,0.379,0,0.0,2025-07-08,21,normal,normal,none,24.1973,0.1973,24.0721,0.379,0.5983,0.2193,0.0,40,green,offpeak,0.3307,synthetic_sample,none,True,recovery: restoring setpoint after the reduction window,"plan: normal (cut 0.00, boost 0.00 kWh) | recovery: indoor +0.20 C above setpoint, thermostat pulls back | gate: next 24.07 C <= 26.0 C ok",normal,0.5983,0.0,0.901,True,0,0,0.45,1.5,3,False,train_in_sample,rf
2025-07-08 22:00:00,RES_EP_001,36.6,66.9,29.4,0.0,0.173,0,0.0,2025-07-08,22,normal,normal,none,24.0721,0.0721,24.0264,0.173,0.2532,0.0802,0.0,40,green,offpeak,0.2699,synthetic_sample,none,True,recovery: restoring setpoint after the reduction window,"plan: normal (cut 0.00, boost 0.00 kWh) | recovery: indoor +0.07 C above setpoint, thermostat pulls back | gate: next 24.03 C <= 26.0 C ok",normal,0.2532,0.0,0.964,True,0,0,0.45,1.5,3,False,train_in_sample,rf
2025-07-08 23:00:00,RES_EP_001,35.6,64.4,27.8,0.0,0.521,0,0.0,2025-07-08,23,normal,normal,none,24.0264,0.0264,24.0216,0.521,0.521,0.0,0.0,40,green,offpeak,0.4493,synthetic_sample,none,True,normal: following plan,"plan: normal (cut 0.00, boost 0.00 kWh) | gate: next 24.02 C <= 26.0 C ok",normal,0.521,0.0,0.987,True,0,0,0.45,1.5,3,False,train_in_sample,rf
2025-07-09 00:00:00,RES_EP_001,33.2,61.5,24.8,0.0,0.598,0,0.0,2025-07-09,0,normal,normal,none,24.0,0.0,24.0,0.598,0.598,0.0,0.0,40,green,offpeak,0.5337,synthetic_sample,none,True,normal: following plan,"plan: normal (cut 0.00, boost 0.00 kWh) | gate: next 24.00 C <= 26.0 C ok",normal,0.598,0.0,1.0,True,0,0,0.45,1.5,3,False,train_in_sample,rf
2025-07-09 01:00:00,RES_EP_001,33.1,58.8,23.9,0.0,0.466,0,0.0,2025-07-09,1,normal,normal,none,24.0,0.0,24.0,0.466,0.466,0.0,0.0,40,green,offpeak,0.4914,synthetic_sample,none,False,normal: following plan,"plan: normal (cut 0.00, boost 0.00 kWh) | gate: next 24.00 C <= 26.0 C ok",normal,0.466,0.0,1.0,True,0,0,0.45,1.5,3,False,train_in_sample,rf
2025-07-09 02:00:00,RES_EP_001,32.6,58.2,23.3,0.0,0.483,0,0.0,2025-07-09,2,normal,normal,none,24.0,0.0,24.0,0.483,0.483,0.0,0.0,40,green,offpeak,0.4921,synthetic_sample,none,False,normal: following plan,"plan: normal (cut 0.00, boost 0.00 kWh) | gate: next 24.00 C <= 26.0 C ok",normal,0.483,0.0,1.0,True,0,0,0.45,1.5,3,False,train_in_sample,rf
2025-07-09 03:00:00,RES_EP_001,32.7,52.4,21.7,0.0,0.654,0,0.0,2025-07-09,3,normal,normal,none,24.0,0.0,24.0,0.654,0.654,0.0,0.0,40,green,offpeak,0.5808,synthetic_sample,none,False,normal: following plan,"plan: normal (cut 0.00, boost 0.00 kWh) | gate: next 24.00 C <= 26.0 C ok",normal,0.654,0.0,1.0,True,0,0,0.45,1.5,3,False,train_in_sample,rf
2025-07-09 04:00:00,RES_EP_001,32.9,51.1,21.4,0.0,0.381,0,0.0,2025-07-09,4,normal,normal,none,24.0,0.0,24.0,0.381,0.381,0.0,0.0,40,green,offpeak,0.4549,synthetic_sample,none,False,normal: following plan,"plan: normal (cut 0.00, boost 0.00 kWh) | gate: next 24.00 C <= 26.0 C ok",normal,0.381,0.0,1.0,True,0,0,0.45,1.5,3,False,train_in_sample,rf
2025-07-09 05:00:00,RES_EP_001,35.2,51.1,23.5,0.0,0.619,0,0.0,2025-07-09,5,normal,normal,none,24.0,0.0,24.0,0.619,0.619,0.0,0.0,40,green,offpeak,0.6293,synthetic_sample,none,False,normal: following plan,"plan: normal (cut 0.00, boost 0.00 kWh) | gate: next 24.00 C <= 26.0 C ok",normal,0.619,0.0,1.0,True,0,0,0.45,1.5,3,False,train_in_sample,rf
2025-07-09 06:00:00,RES_EP_001,36.8,52.3,25.4,192.6,0.443,0,0.0,2025-07-09,6,normal,normal,none,24.0,0.0,24.0,0.443,0.443,0.0,0.0,40,green,offpeak,0.4408,synthetic_sample,none,True,normal: following plan,"plan: normal (cut 0.00, boost 0.00 kWh) | gate: next 24.00 C <= 26.0 C ok",normal,0.443,0.0,1.0,True,0,0,0.45,1.5,3,False,train_in_sample,rf
2025-07-09 07:00:00,RES_EP_001,37.5,48.0,24.6,331.3,0.468,0,0.0,2025-07-09,7,normal,normal,none,24.0,0.0,24.0,0.468,0.468,0.0,0.0,40,green,offpeak,0.4158,synthetic_sample,none,True,normal: following plan,"plan: normal (cut 0.00, boost 0.00 kWh) | gate: next 24.00 C <= 26.0 C ok",normal,0.468,0.0,1.0,True,0,0,0.45,1.5,3,False,train_in_sample,rf
2025-07-09 08:00:00,RES_EP_001,40.0,42.6,24.8,526.5,0.36,0,0.0,2025-07-09,8,normal,normal,none,24.0,0.0,24.0,0.36,0.36,0.0,0.0,40,green,offpeak,0.2364,synthetic_sample,none,True,normal: following plan,"plan: normal (cut 0.00, boost 0.00 kWh) | gate: next 24.00 C <= 26.0 C ok",normal,0.36,0.0,1.0,True,0,0,0.45,1.5,3,False,train_in_sample,rf
2025-07-09 09:00:00,RES_EP_001,41.2,46.7,27.5,698.3,1.013,0,0.0,2025-07-09,9,pre_cool,pre_cool,none,24.0,0.0,23.3882,1.013,2.513,0.0,-1.0,100,blue,offpeak,1.0865,synthetic_sample,none,True,pre_cool: following plan,"plan: pre_cool (cut 0.00, boost 1.50 kWh) | gate: next 23.39 C <= 26.0 C ok",pre_cool,2.513,0.0,1.0,True,0,1,0.45,1.5,3,False,train_in_sample,rf
2025-07-09 10:00:00,RES_EP_001,42.9,50.4,30.3,727.1,1.983,0,0.0,2025-07-09,10,pre_cool,pre_cool,none,23.3882,-0.6118,22.8873,1.983,3.483,0.0,-1.0,100,blue,offpeak,1.9079,synthetic_sample,none,True,pre_cool: following plan,"plan: pre_cool (cut 0.00, boost 1.50 kWh) | gate: next 22.89 C <= 26.0 C ok",pre_cool,3.483,0.0,1.0,True,0,1,0.45,1.5,3,False,train_in_sample,rf
2025-07-09 11:00:00,RES_EP_001,44.6,48.2,31.1,833.9,2.762,0,0.11,2025-07-09,11,pre_cool,pre_cool,none,22.8873,-1.1127,22.7472,2.762,3.6,0.0,-1.0,100,blue,offpeak,2.577,synthetic_sample,none,True,pre_cool: following plan,"plan: pre_cool (cut 0.00, boost 1.50 kWh) | gate: next 22.75 C <= 26.0 C ok",pre_cool,3.6,0.0,1.0,True,0,1,0.45,1.5,3,False,train_in_sample,rf
2025-07-09 12:00:00,RES_EP_001,45.9,53.2,34.1,880.2,2.499,1,1.0,2025-07-09,12,peak_reduce,peak_reduce,none,22.7472,-1.2528,23.433,2.499,1.3745,0.0,1.0,75,yellow,peak,2.6005,synthetic_sample,none,True,peak_reduce: following plan,"plan: peak_reduce (cut 0.45, boost 0.00 kWh) | gate: next 23.43 C <= 26.0 C ok",peak_reduce,1.3745,1.1245,1.0,True,1,0,0.45,1.5,3,False,train_in_sample,rf
2025-07-09 13:00:00,RES_EP_001,46.5,55.8,35.5,836.7,2.788,1,1.0,2025-07-09,13,peak_reduce,peak_reduce,none,23.433,-0.567,24.0475,2.788,1.5334,0.0,1.0,75,yellow,peak,2.7877,synthetic_sample,none,True,peak_reduce: following plan,"plan: peak_reduce (cut 0.45, boost 0.00 kWh) | gate: next 24.05 C <= 26.0 C ok",peak_reduce,1.5334,1.2546,1.0,True,1,0,0.45,1.5,3,False,train_in_sample,rf
2025-07-09 14:00:00,RES_EP_001,46.3,60.6,36.8,662.7,2.927,1,1.0,2025-07-09,14,peak_reduce,peak_reduce,none,24.0475,0.0475,24.5761,2.927,1.6099,0.0,1.0,75,yellow,peak,2.7658,synthetic_sample,none,True,peak_reduce: following plan,"plan: peak_reduce (cut 0.45, boost 0.00 kWh) | gate: next 24.58 C <= 26.0 C ok",peak_reduce,1.6099,1.3171,0.976,True,1,0,0.45,1.5,3,False,train_in_sample,rf
2025-07-09 15:00:00,RES_EP_001,46.4,57.6,36.0,670.3,2.691,1,1.0,2025-07-09,15,peak_reduce,peak_reduce,none,24.5761,0.5761,24.9655,2.691,1.4801,0.0,1.0,75,yellow,peak,2.6928,synthetic_sample,none,True,peak_reduce: following plan,"plan: peak_reduce (cut 0.45, boost 0.00 kWh) | gate: next 24.97 C <= 26.0 C ok",peak_reduce,1.4801,1.2109,0.712,True,1,0,0.45,1.5,3,False,train_in_sample,rf
2025-07-09 16:00:00,RES_EP_001,45.4,57.6,35.0,525.4,2.389,1,1.0,2025-07-09,16,peak_reduce,peak_reduce,none,24.9655,0.9655,25.229,2.389,1.3139,0.0,1.0,75,yellow,peak,2.5032,synthetic_sample,none,True,peak_reduce: following plan,"plan: peak_reduce (cut 0.45, boost 0.00 kWh) | gate: next 25.23 C <= 26.0 C ok",peak_reduce,1.3139,1.0751,0.517,True,1,0,0.45,1.5,3,False,train_in_sample,rf
2025-07-09 17:00:00,RES_EP_001,43.8,65.1,35.8,351.1,2.124,1,1.0,2025-07-09,17,peak_reduce,peak_reduce,none,25.229,1.229,25.396,2.124,1.1682,0.0,1.0,75,yellow,peak,2.1522,synthetic_sample,none,True,peak_reduce: following plan,"plan: peak_reduce (cut 0.45, boost 0.00 kWh) | gate: next 25.40 C <= 26.0 C ok",peak_reduce,1.1682,0.9558,0.386,True,1,0,0.45,1.5,3,False,train_in_sample,rf
2025-07-09 18:00:00,RES_EP_001,42.6,64.8,34.5,199.7,1.533,1,0.99,2025-07-09,18,peak_reduce,peak_reduce,none,25.396,1.396,25.4243,1.533,0.8432,0.0,1.0,75,yellow,peak,1.6289,synthetic_sample,none,True,peak_reduce: following plan,"plan: peak_reduce (cut 0.45, boost 0.00 kWh) | gate: next 25.42 C <= 26.0 C ok",peak_reduce,0.8432,0.6898,0.302,True,1,0,0.45,1.5,3,False,train_in_sample,rf
2025-07-09 19:00:00,RES_EP_001,41.3,65.7,33.6,0.0,0.868,0,0.01,2025-07-09,19,normal,normal,none,25.4243,1.4243,24.5207,0.868,2.4506,1.5826,0.0,40,green,offpeak,0.8798,synthetic_sample,none,True,recovery: restoring setpoint after the reduction window,"plan: normal (cut 0.00, boost 0.00 kWh) | recovery: indoor +1.42 C above setpoint, thermostat pulls back | gate: next 24.52 C <= 26.0 C ok",normal,2.4506,0.0,0.288,True,0,0,0.45,1.5,3,False,train_in_sample,rf
2025-07-09 20:00:00,RES_EP_001,39.1,65.8,31.5,0.0,0.23,0,0.01,2025-07-09,20,normal,normal,none,24.5207,0.5207,24.1903,0.23,0.8085,0.5785,0.0,40,green,offpeak,0.3162,synthetic_sample,none,True,recovery: restoring setpoint after the reduction window,"plan: normal (cut 0.00, boost 0.00 kWh) | recovery: indoor +0.52 C above setpoint, thermostat pulls back | gate: next 24.19 C <= 26.0 C ok",normal,0.8085,0.0,0.74,True,0,0,0.45,1.5,3,False,train_in_sample,rf
2025-07-09 21:00:00,RES_EP_001,38.5,67.1,31.3,0.0,0.134,0,0.01,2025-07-09,21,normal,normal,none,24.1903,0.1903,24.0696,0.134,0.3455,0.2115,0.0,40,green,offpeak,0.2381,synthetic_sample,none,True,recovery: restoring setpoint after the reduction window,"plan: normal (cut 0.00, boost 0.00 kWh) | recovery: indoor +0.19 C above setpoint, thermostat pulls back | gate: next 24.07 C <= 26.0 C ok",normal,0.3455,0.0,0.905,True,0,0,0.45,1.5,3,False,train_in_sample,rf
2025-07-09 22:00:00,RES_EP_001,36.5,66.1,29.1,0.0,0.41,0,0.0,2025-07-09,22,normal,normal,none,24.0696,0.0696,24.0254,0.41,0.4873,0.0773,0.0,40,green,offpeak,0.3955,synthetic_sample,none,True,recovery: restoring setpoint after the reduction window,"plan: normal (cut 0.00, boost 0.00 kWh) | recovery: indoor +0.07 C above setpoint, thermostat pulls back | gate: next 24.03 C <= 26.0 C ok",normal,0.4873,0.0,0.965,True,0,0,0.45,1.5,3,False,train_in_sample,rf
2025-07-09 23:00:00,RES_EP_001,35.3,63.7,27.4,0.0,0.643,0,0.0,2025-07-09,23,normal,normal,none,24.0254,0.0254,24.0208,0.643,0.643,0.0,0.0,40,green,offpeak,0.5695,synthetic_sample,none,True,normal: following plan,"plan: normal (cut 0.00, boost 0.00 kWh) | gate: next 24.02 C <= 26.0 C ok",normal,0.643,0.0,0.987,True,0,0,0.45,1.5,3,False,train_in_sample,rf
2025-07-10 00:00:00,RES_EP_001,33.5,63.6,25.6,0.0,0.748,0,0.0,2025-07-10,0,normal,normal,none,24.0,0.0,24.0,0.748,0.748,0.0,0.0,40,green,offpeak,0.5927,synthetic_sample,none,True,normal: following plan,"plan: normal (cut 0.00, boost 0.00 kWh) | gate: next 24.00 C <= 26.0 C ok",normal,0.748,0.0,1.0,True,0,0,0.45,1.5,2,False,train_in_sample,rf
2025-07-10 01:00:00,RES_EP_001,32.4,60.5,23.8,0.0,0.406,0,0.0,2025-07-10,1,normal,normal,none,24.0,0.0,24.0,0.406,0.406,0.0,0.0,40,green,offpeak,0.4775,synthetic_sample,none,False,normal: following plan,"plan: normal (cut 0.00, boost 0.00 kWh) | gate: next 24.00 C <= 26.0 C ok",normal,0.406,0.0,1.0,True,0,0,0.45,1.5,2,False,train_in_sample,rf
2025-07-10 02:00:00,RES_EP_001,31.7,54.3,21.3,0.0,0.692,0,0.0,2025-07-10,2,normal,normal,none,24.0,0.0,24.0,0.692,0.692,0.0,0.0,40,green,offpeak,0.5983,synthetic_sample,none,False,normal: following plan,"plan: normal (cut 0.00, boost 0.00 kWh) | gate: next 24.00 C <= 26.0 C ok",normal,0.692,0.0,1.0,True,0,0,0.45,1.5,2,False,train_in_sample,rf
2025-07-10 03:00:00,RES_EP_001,33.3,57.3,23.7,0.0,0.467,0,0.0,2025-07-10,3,normal,normal,none,24.0,0.0,24.0,0.467,0.467,0.0,0.0,40,green,offpeak,0.4936,synthetic_sample,none,False,normal: following plan,"plan: normal (cut 0.00, boost 0.00 kWh) | gate: next 24.00 C <= 26.0 C ok",normal,0.467,0.0,1.0,True,0,0,0.45,1.5,2,False,train_in_sample,rf
2025-07-10 04:00:00,RES_EP_001,31.9,59.4,23.0,0.0,0.629,0,0.0,2025-07-10,4,normal,normal,none,24.0,0.0,24.0,0.629,0.629,0.0,0.0,40,green,offpeak,0.5777,synthetic_sample,none,False,normal: following plan,"plan: normal (cut 0.00, boost 0.00 kWh) | gate: next 24.00 C <= 26.0 C ok",normal,0.629,0.0,1.0,True,0,0,0.45,1.5,2,False,train_in_sample,rf
2025-07-10 05:00:00,RES_EP_001,35.0,52.5,23.8,0.0,0.64,0,0.0,2025-07-10,5,normal,normal,none,24.0,0.0,24.0,0.64,0.64,0.0,0.0,40,green,offpeak,0.6279,synthetic_sample,none,False,normal: following plan,"plan: normal (cut 0.00, boost 0.00 kWh) | gate: next 24.00 C <= 26.0 C ok",normal,0.64,0.0,1.0,True,0,0,0.45,1.5,2,False,train_in_sample,rf
2025-07-10 06:00:00,RES_EP_001,36.1,50.7,24.2,179.2,0.681,0,0.0,2025-07-10,6,normal,normal,none,24.0,0.0,24.0,0.681,0.681,0.0,0.0,40,green,offpeak,0.6337,synthetic_sample,none,True,normal: following plan,"plan: normal (cut 0.00, boost 0.00 kWh) | gate: next 24.00 C <= 26.0 C ok",normal,0.681,0.0,1.0,True,0,0,0.45,1.5,2,False,train_in_sample,rf
2025-07-10 07:00:00,RES_EP_001,37.0,49.2,24.6,385.0,0.387,0,0.0,2025-07-10,7,normal,normal,none,24.0,0.0,24.0,0.387,0.387,0.0,0.0,40,green,offpeak,0.4118,synthetic_sample,none,True,normal: following plan,"plan: normal (cut 0.00, boost 0.00 kWh) | gate: next 24.00 C <= 26.0 C ok",normal,0.387,0.0,1.0,True,0,0,0.45,1.5,2,False,train_in_sample,rf
2025-07-10 08:00:00,RES_EP_001,39.3,51.7,27.5,553.2,0.481,0,0.0,2025-07-10,8,normal,normal,none,24.0,0.0,24.0,0.481,0.481,0.0,0.0,40,green,offpeak,0.375,synthetic_sample,none,True,normal: following plan,"plan: normal (cut 0.00, boost 0.00 kWh) | gate: next 24.00 C <= 26.0 C ok",normal,0.481,0.0,1.0,True,0,0,0.45,1.5,2,False,train_in_sample,rf
2025-07-10 09:00:00,RES_EP_001,40.5,51.4,28.5,648.7,1.114,0,0.01,2025-07-10,9,normal,normal,none,24.0,0.0,24.0,1.114,1.114,0.0,0.0,40,green,offpeak,1.0769,synthetic_sample,none,True,normal: following plan,"plan: normal (cut 0.00, boost 0.00 kWh) | gate: next 24.00 C <= 26.0 C ok",normal,1.114,0.0,1.0,True,0,0,0.45,1.5,2,False,train_in_sample,rf
2025-07-10 10:00:00,RES_EP_001,43.0,47.7,29.5,817.3,1.693,0,0.0,2025-07-10,10,pre_cool,pre_cool,none,24.0,0.0,23.3882,1.693,3.193,0.0,-1.0,100,blue,offpeak,1.8043,synthetic_sample,none,True,pre_cool: following plan,"plan: pre_cool (cut 0.00, boost 1.50 kWh) | gate: next 23.39 C <= 26.0 C ok",pre_cool,3.193,0.0,1.0,True,0,1,0.45,1.5,2,False,train_in_sample,rf
2025-07-10 11:00:00,RES_EP_001,43.9,51.9,31.8,801.3,2.287,0,0.01,2025-07-10,11,pre_cool,pre_cool,none,23.3882,-0.6118,22.9636,2.287,3.6,0.0,-1.0,100,blue,offpeak,2.3521,synthetic_sample,none,True,pre_cool: following plan,"plan: pre_cool (cut 0.00, boost 1.50 kWh) | gate: next 22.96 C <= 26.0 C ok",pre_cool,3.6,0.0,1.0,True,0,1,0.45,1.5,2,False,train_in_sample,rf
2025-07-10 12:00:00,RES_EP_001,44.5,52.5,32.5,838.9,2.579,1,1.0,2025-07-10,12,peak_reduce,peak_reduce,none,22.9636,-1.0364,23.6248,2.579,1.4185,0.0,1.0,75,yellow,peak,2.5606,synthetic_sample,none,True,peak_reduce: following plan,"plan: peak_reduce (cut 0.45, boost 0.00 kWh) | gate: next 23.62 C <= 26.0 C ok",peak_reduce,1.4185,1.1605,1.0,True,1,0,0.45,1.5,2,False,train_in_sample,rf
2025-07-10 13:00:00,RES_EP_001,45.8,54.2,34.3,812.9,2.505,1,1.0,2025-07-10,13,peak_reduce,peak_reduce,none,23.6248,-0.3752,24.1526,2.505,1.3778,0.0,1.0,75,yellow,peak,2.5589,synthetic_sample,none,True,peak_reduce: following plan,"plan: peak_reduce (cut 0.45, boost 0.00 kWh) | gate: next 24.15 C <= 26.0 C ok",peak_reduce,1.3778,1.1272,1.0,True,1,0,0.45,1.5,2,False,train_in_sample,rf
2025-07-10 14:00:00,RES_EP_001,46.4,57.7,36.0,683.4,2.463,1,1.0,2025-07-10,14,peak_reduce,peak_reduce,none,24.1526,0.1526,24.577,2.463,1.3547,0.0,1.0,75,yellow,peak,2.5893,synthetic_sample,none,True,peak_reduce: following plan,"plan: peak_reduce (cut 0.45, boost 0.00 kWh) | gate: next 24.58 C <= 26.0 C ok",peak_reduce,1.3547,1.1083,0.924,True,1,0,0.45,1.5,2,False,train_in_sample,rf
2025-07-10 15:00:00,RES_EP_001,45.9,59.0,35.9,661.4,2.655,1,1.0,2025-07-10,15,peak_reduce,peak_reduce,none,24.577,0.577,24.9597,2.655,1.4603,0.0,1.0,75,yellow,peak,2.6218,synthetic_sample,none,True,peak_reduce: following plan,"plan: peak_reduce (cut 0.45, boost 0.00 kWh) | gate: next 24.96 C <= 26.0 C ok",peak_reduce,1.4603,1.1947,0.711,True,1,0,0.45,1.5,2,False,train_in_sample,rf
2025-07-10 16:00:00,RES_EP_001,45.7,61.2,36.4,526.7,2.08,1,1.0,2025-07-10,16,peak_reduce,peak_reduce,none,24.9597,0.9597,25.1675,2.08,1.144,0.0,1.0,75,yellow,peak,2.3477,synthetic_sample,none,True,peak_reduce: following plan,"plan: peak_reduce (cut 0.45, boost 0.00 kWh) | gate: next 25.17 C <= 26.0 C ok",peak_reduce,1.144,0.936,0.52,True,1,0,0.45,1.5,2,False,train_in_sample,rf
2025-07-10 17:00:00,RES_EP_001,44.2,59.3,34.4,367.5,2.276,1,1.0,2025-07-10,17,peak_reduce,peak_reduce,none,25.1675,1.1675,25.3736,2.276,1.2518,0.0,1.0,75,yellow,peak,2.2143,synthetic_sample,none,True,peak_reduce: following plan,"plan: peak_reduce (cut 0.45, boost 0.00 kWh) | gate: next 25.37 C <= 26.0 C ok",peak_reduce,1.2518,1.0242,0.416,True,1,0,0.45,1.5,2,False,train_in_sample,rf
2025-07-10 18:00:00,RES_EP_001,43.8,63.7,35.4,179.6,1.61,1,1.0,2025-07-10,18,peak_reduce,peak_reduce,none,25.3736,1.3736,25.4201,1.61,0.8855,0.0,1.0,75,yellow,peak,1.8174,synthetic_sample,none,True,peak_reduce: following plan,"plan: peak_reduce (cut 0.45, boost 0.00 kWh) | gate: next 25.42 C <= 26.0 C ok",peak_reduce,0.8855,0.7245,0.313,True,1,0,0.45,1.5,2,False,train_in_sample,rf
2025-07-10 19:00:00,RES_EP_001,40.7,69.9,34.1,0.0,0.516,0,0.02,2025-07-10,19,normal,normal,none,25.4201,1.4201,24.5191,0.516,2.0939,1.5779,0.0,40,green,offpeak,0.7237,synthetic_sample,none,True,recovery: restoring setpoint after the reduction window,"plan: normal (cut 0.00, boost 0.00 kWh) | recovery: indoor +1.42 C above setpoint, thermostat pulls back | gate: next 24.52 C <= 26.0 C ok",normal,2.0939,0.0,0.29,True,0,0,0.45,1.5,2,False,train_in_sample,rf
2025-07-10 20:00:00,RES_EP_001,39.3,67.0,32.0,0.0,0.184,0,0.02,2025-07-10,20,normal,normal,none,24.5191,0.5191,24.1898,0.184,0.7608,0.5768,0.0,40,green,offpeak,0.2299,synthetic_sample,none,True,recovery: restoring setpoint after the reduction window,"plan: normal (cut 0.00, boost 0.00 kWh) | recovery: indoor +0.52 C above setpoint, thermostat pulls back | gate: next 24.19 C <= 26.0 C ok",normal,0.7608,0.0,0.74,True,0,0,0.45,1.5,2,False,train_in_sample,rf
2025-07-10 21:00:00,RES_EP_001,38.0,68.0,31.0,0.0,0.189,0,0.0,2025-07-10,21,normal,normal,none,24.1898,0.1898,24.0694,0.189,0.3999,0.2109,0.0,40,green,offpeak,0.2832,synthetic_sample,none,True,recovery: restoring setpoint after the reduction window,"plan: normal (cut 0.00, boost 0.00 kWh) | recovery: indoor +0.19 C above setpoint, thermostat pulls back | gate: next 24.07 C <= 26.0 C ok",normal,0.3999,0.0,0.905,True,0,0,0.45,1.5,2,False,train_in_sample,rf
2025-07-10 22:00:00,RES_EP_001,35.9,63.8,27.9,0.0,0.441,0,0.0,2025-07-10,22,normal,normal,none,24.0694,0.0694,24.0254,0.441,0.5181,0.0771,0.0,40,green,offpeak,0.4601,synthetic_sample,none,True,recovery: restoring setpoint after the reduction window,"plan: normal (cut 0.00, boost 0.00 kWh) | recovery: indoor +0.07 C above setpoint, thermostat pulls back | gate: next 24.03 C <= 26.0 C ok",normal,0.5181,0.0,0.965,True,0,0,0.45,1.5,2,False,train_in_sample,rf
2025-07-10 23:00:00,RES_EP_001,35.1,64.4,27.3,0.0,0.119,0,0.0,2025-07-10,23,normal,normal,none,24.0254,0.0254,24.0208,0.119,0.119,0.0,0.0,40,green,offpeak,0.338,synthetic_sample,none,True,normal: following plan,"plan: normal (cut 0.00, boost 0.00 kWh) | gate: next 24.02 C <= 26.0 C ok",normal,0.119,0.0,0.987,True,0,0,0.45,1.5,2,False,train_in_sample,rf
2025-07-11 00:00:00,RES_EP_001,33.3,59.9,24.4,0.0,0.592,0,0.0,2025-07-11,0,normal,normal,none,24.0,0.0,24.0,0.592,0.592,0.0,0.0,40,green,offpeak,0.5673,synthetic_sample,none,True,normal: following plan,"plan: normal (cut 0.00, boost 0.00 kWh) | gate: next 24.00 C <= 26.0 C ok",normal,0.592,0.0,1.0,True,0,0,0.4,1.5,3,False,train_in_sample,rf
2025-07-11 01:00:00,RES_EP_001,32.3,60.7,23.7,0.0,0.585,0,0.0,2025-07-11,1,normal,normal,none,24.0,0.0,24.0,0.585,0.585,0.0,0.0,40,green,offpeak,0.5561,synthetic_sample,none,False,normal: following plan,"plan: normal (cut 0.00, boost 0.00 kWh) | gate: next 24.00 C <= 26.0 C ok",normal,0.585,0.0,1.0,True,0,0,0.4,1.5,3,False,train_in_sample,rf
2025-07-11 02:00:00,RES_EP_001,31.7,56.8,22.1,0.0,0.432,0,0.0,2025-07-11,2,normal,normal,none,24.0,0.0,24.0,0.432,0.432,0.0,0.0,40,green,offpeak,0.4664,synthetic_sample,none,False,normal: following plan,"plan: normal (cut 0.00, boost 0.00 kWh) | gate: next 24.00 C <= 26.0 C ok",normal,0.432,0.0,1.0,True,0,0,0.4,1.5,3,False,train_in_sample,rf
2025-07-11 03:00:00,RES_EP_001,31.5,56.1,21.7,0.0,0.321,0,0.0,2025-07-11,3,normal,normal,none,24.0,0.0,24.0,0.321,0.321,0.0,0.0,40,green,offpeak,0.4119,synthetic_sample,none,False,normal: following plan,"plan: normal (cut 0.00, boost 0.00 kWh) | gate: next 24.00 C <= 26.0 C ok",normal,0.321,0.0,1.0,True,0,0,0.4,1.5,3,False,train_in_sample,rf
2025-07-11 04:00:00,RES_EP_001,32.8,53.5,22.1,0.0,0.505,0,0.0,2025-07-11,4,normal,normal,none,24.0,0.0,24.0,0.505,0.505,0.0,0.0,40,green,offpeak,0.4798,synthetic_sample,none,False,normal: following plan,"plan: normal (cut 0.00, boost 0.00 kWh) | gate: next 24.00 C <= 26.0 C ok",normal,0.505,0.0,1.0,True,0,0,0.4,1.5,3,False,train_in_sample,rf
2025-07-11 05:00:00,RES_EP_001,33.4,50.0,21.5,0.0,0.379,0,0.0,2025-07-11,5,normal,normal,none,24.0,0.0,24.0,0.379,0.379,0.0,0.0,40,green,offpeak,0.4246,synthetic_sample,none,False,normal: following plan,"plan: normal (cut 0.00, boost 0.00 kWh) | gate: next 24.00 C <= 26.0 C ok",normal,0.379,0.0,1.0,True,0,0,0.4,1.5,3,False,train_in_sample,rf
2025-07-11 06:00:00,RES_EP_001,35.5,55.6,25.2,173.1,0.497,0,0.0,2025-07-11,6,normal,normal,none,24.0,0.0,24.0,0.497,0.497,0.0,0.0,40,green,offpeak,0.522,synthetic_sample,none,True,normal: following plan,"plan: normal (cut 0.00, boost 0.00 kWh) | gate: next 24.00 C <= 26.0 C ok",normal,0.497,0.0,1.0,True,0,0,0.4,1.5,3,False,train_in_sample,rf
2025-07-11 07:00:00,RES_EP_001,37.0,49.5,24.7,365.7,0.407,0,0.0,2025-07-11,7,normal,normal,none,24.0,0.0,24.0,0.407,0.407,0.0,0.0,40,green,offpeak,0.4351,synthetic_sample,none,True,normal: following plan,"plan: normal (cut 0.00, boost 0.00 kWh) | gate: next 24.00 C <= 26.0 C ok",normal,0.407,0.0,1.0,True,0,0,0.4,1.5,3,False,train_in_sample,rf
2025-07-11 08:00:00,RES_EP_001,38.4,51.6,26.6,561.6,0.336,0,0.0,2025-07-11,8,normal,normal,none,24.0,0.0,24.0,0.336,0.336,0.0,0.0,40,green,offpeak,0.3419,synthetic_sample,none,True,normal: following plan,"plan: normal (cut 0.00, boost 0.00 kWh) | gate: next 24.00 C <= 26.0 C ok",normal,0.336,0.0,1.0,True,0,0,0.4,1.5,3,False,train_in_sample,rf
2025-07-11 09:00:00,RES_EP_001,40.8,47.5,27.4,630.8,1.08,0,0.0,2025-07-11,9,pre_cool,pre_cool,none,24.0,0.0,23.3882,1.08,2.58,0.0,-1.0,100,blue,offpeak,1.0437,synthetic_sample,none,True,pre_cool: following plan,"plan: pre_cool (cut 0.00, boost 1.50 kWh) | gate: next 23.39 C <= 26.0 C ok",pre_cool,2.58,0.0,1.0,True,0,1,0.4,1.5,3,False,train_in_sample,rf
2025-07-11 10:00:00,RES_EP_001,42.8,50.7,30.4,697.4,1.838,0,0.0,2025-07-11,10,pre_cool,pre_cool,none,23.3882,-0.6118,22.8873,1.838,3.338,0.0,-1.0,100,blue,offpeak,1.8595,synthetic_sample,none,True,pre_cool: following plan,"plan: pre_cool (cut 0.00, boost 1.50 kWh) | gate: next 22.89 C <= 26.0 C ok",pre_cool,3.338,0.0,1.0,True,0,1,0.4,1.5,3,False,train_in_sample,rf
2025-07-11 11:00:00,RES_EP_001,44.4,52.0,32.3,799.0,2.665,0,0.08,2025-07-11,11,pre_cool,pre_cool,none,22.8873,-1.1127,22.7077,2.665,3.6,0.0,-1.0,100,blue,offpeak,2.7744,synthetic_sample,none,True,pre_cool: following plan,"plan: pre_cool (cut 0.00, boost 1.50 kWh) | gate: next 22.71 C <= 26.0 C ok",pre_cool,3.6,0.0,1.0,True,0,1,0.4,1.5,3,False,train_in_sample,rf
2025-07-11 12:00:00,RES_EP_001,44.8,54.3,33.4,787.6,3.393,1,1.0,2025-07-11,12,peak_reduce,peak_reduce,none,22.7077,-1.2923,23.4955,3.393,2.0358,0.0,1.0,75,yellow,peak,3.2419,synthetic_sample,none,True,peak_reduce: following plan,"plan: peak_reduce (cut 0.40, boost 0.00 kWh) | gate: next 23.50 C <= 26.0 C ok",peak_reduce,2.0358,1.3572,1.0,True,1,0,0.4,1.5,3,False,train_in_sample,rf
2025-07-11 13:00:00,RES_EP_001,45.6,54.2,34.1,773.3,3.364,1,1.0,2025-07-11,13,peak_reduce,peak_reduce,none,23.4955,-0.5045,24.1357,3.364,2.0184,0.0,1.0,75,yellow,peak,3.3233,synthetic_sample,none,True,peak_reduce: following plan,"plan: peak_reduce (cut 0.40, boost 0.00 kWh) | gate: next 24.14 C <= 26.0 C ok",peak_reduce,2.0184,1.3456,1.0,True,1,0,0.4,1.5,3,False,train_in_sample,rf
2025-07-11 14:00:00,RES_EP_001,45.8,57.4,35.3,792.2,3.022,1,1.0,2025-07-11,14,peak_reduce,peak_reduce,none,24.1357,0.1357,24.6042,3.022,1.8132,0.0,1.0,75,yellow,peak,3.133,synthetic_sample,none,True,peak_reduce: following plan,"plan: peak_reduce (cut 0.40, boost 0.00 kWh) | gate: next 24.60 C <= 26.0 C ok",peak_reduce,1.8132,1.2088,0.932,True,1,0,0.4,1.5,3,False,train_in_sample,rf
2025-07-11 15:00:00,RES_EP_001,44.8,63.7,36.3,660.0,3.253,1,1.0,2025-07-11,15,peak_reduce,peak_reduce,none,24.6042,0.6042,25.0253,3.253,1.9518,0.0,1.0,75,yellow,peak,3.1087,synthetic_sample,none,True,peak_reduce: following plan,"plan: peak_reduce (cut 0.40, boost 0.00 kWh) | gate: next 25.03 C <= 26.0 C ok",peak_reduce,1.9518,1.3012,0.698,True,1,0,0.4,1.5,3,False,train_in_sample,rf
2025-07-11 16:00:00,RES_EP_001,44.5,63.9,36.1,553.4,2.874,1,1.0,2025-07-11,16,peak_reduce,peak_reduce,none,25.0253,1.0253,25.3083,2.874,1.7244,0.0,1.0,75,yellow,peak,2.8092,synthetic_sample,none,True,peak_reduce: following plan,"plan: peak_reduce (cut 0.40, boost 0.00 kWh) | gate: next 25.31 C <= 26.0 C ok",peak_reduce,1.7244,1.1496,0.487,True,1,0,0.4,1.5,3,False,train_in_sample,rf
2025-07-11 17:00:00,RES_EP_001,43.4,64.5,35.2,352.4,1.975,1,1.0,2025-07-11,17,peak_reduce,peak_reduce,none,25.3083,1.3083,25.3934,1.975,1.185,0.0,1.0,75,yellow,peak,2.1124,synthetic_sample,none,True,peak_reduce: following plan,"plan: peak_reduce (cut 0.40, boost 0.00 kWh) | gate: next 25.39 C <= 26.0 C ok",peak_reduce,1.185,0.79,0.346,True,1,0,0.4,1.5,3,False,train_in_sample,rf
2025-07-11 18:00:00,RES_EP_001,42.6,65.7,34.8,206.9,1.911,1,0.99,2025-07-11,18,peak_reduce,peak_reduce,none,25.3934,1.3934,25.4526,1.911,1.1466,0.0,1.0,75,yellow,peak,1.8649,synthetic_sample,none,True,peak_reduce: following plan,"plan: peak_reduce (cut 0.40, boost 0.00 kWh) | gate: next 25.45 C <= 26.0 C ok",peak_reduce,1.1466,0.7644,0.303,True,1,0,0.4,1.5,3,False,train_in_sample,rf
2025-07-11 19:00:00,RES_EP_001,41.1,70.2,34.6,0.0,1.209,0,0.03,2025-07-11,19,normal,normal,none,25.4526,1.4526,24.531,1.209,2.823,1.614,0.0,40,green,offpeak,0.9675,synthetic_sample,none,True,recovery: restoring setpoint after the reduction window,"plan: normal (cut 0.00, boost 0.00 kWh) | recovery: indoor +1.45 C above setpoint, thermostat pulls back | gate: next 24.53 C <= 26.0 C ok",normal,2.823,0.0,0.274,True,0,0,0.4,1.5,3,False,train_in_sample,rf
2025-07-11 20:00:00,RES_EP_001,38.4,70.2,32.0,0.0,0.0,0,0.02,2025-07-11,20,normal,normal,none,24.531,0.531,24.1941,0.0,0.59,0.59,0.0,40,green,offpeak,0.1387,synthetic_sample,none,True,recovery: restoring setpoint after the reduction window,"plan: normal (cut 0.00, boost 0.00 kWh) | recovery: indoor +0.53 C above setpoint, thermostat pulls back | gate: next 24.19 C <= 26.0 C ok",normal,0.59,0.0,0.735,True,0,0,0.4,1.5,3,False,train_in_sample,rf
2025-07-11 21:00:00,RES_EP_001,37.2,69.6,30.7,0.0,0.47,0,0.0,2025-07-11,21,normal,normal,none,24.1941,0.1941,24.071,0.47,0.6857,0.2157,0.0,40,green,offpeak,0.4186,synthetic_sample,none,True,recovery: restoring setpoint after the reduction window,"plan: normal (cut 0.00, boost 0.00 kWh) | recovery: indoor +0.19 C above setpoint, thermostat pulls back | gate: next 24.07 C <= 26.0 C ok",normal,0.6857,0.0,0.903,True,0,0,0.4,1.5,3,False,train_in_sample,rf
2025-07-11 22:00:00,RES_EP_001,35.0,64.0,27.1,0.0,0.497,0,0.0,2025-07-11,22,normal,normal,none,24.071,0.071,24.0259,0.497,0.5758,0.0788,0.0,40,green,offpeak,0.4843,synthetic_sample,none,True,recovery: restoring setpoint after the reduction window,"plan: normal (cut 0.00, boost 0.00 kWh) | recovery: indoor +0.07 C above setpoint, thermostat pulls back | gate: next 24.03 C <= 26.0 C ok",normal,0.5758,0.0,0.964,True,0,0,0.4,1.5,3,False,train_in_sample,rf
2025-07-11 23:00:00,RES_EP_001,33.9,61.4,25.4,0.0,0.536,0,0.0,2025-07-11,23,normal,normal,none,24.0259,0.0259,24.0212,0.536,0.536,0.0,0.0,40,green,offpeak,0.4419,synthetic_sample,none,True,normal: following plan,"plan: normal (cut 0.00, boost 0.00 kWh) | gate: next 24.02 C <= 26.0 C ok",normal,0.536,0.0,0.987,True,0,0,0.4,1.5,3,False,train_in_sample,rf
2025-07-12 00:00:00,RES_EP_001,31.8,65.6,24.5,0.0,0.403,0,0.0,2025-07-12,0,normal,normal,none,24.0,0.0,24.0,0.403,0.403,0.0,0.0,40,green,offpeak,0.4689,synthetic_sample,none,True,normal: following plan,"plan: normal (cut 0.00, boost 0.00 kWh) | gate: next 24.00 C <= 26.0 C ok",normal,0.403,0.0,1.0,True,0,0,0.4,1.5,2,False,train_in_sample,rf
2025-07-12 01:00:00,RES_EP_001,32.5,59.2,23.5,0.0,0.542,0,0.0,2025-07-12,1,normal,normal,none,24.0,0.0,24.0,0.542,0.542,0.0,0.0,40,green,offpeak,0.5673,synthetic_sample,none,False,normal: following plan,"plan: normal (cut 0.00, boost 0.00 kWh) | gate: next 24.00 C <= 26.0 C ok",normal,0.542,0.0,1.0,True,0,0,0.4,1.5,2,False,train_in_sample,rf
2025-07-12 02:00:00,RES_EP_001,31.2,57.5,21.8,0.0,0.367,0,0.0,2025-07-12,2,normal,normal,none,24.0,0.0,24.0,0.367,0.367,0.0,0.0,40,green,offpeak,0.4655,synthetic_sample,none,False,normal: following plan,"plan: normal (cut 0.00, boost 0.00 kWh) | gate: next 24.00 C <= 26.0 C ok",normal,0.367,0.0,1.0,True,0,0,0.4,1.5,2,False,train_in_sample,rf
2025-07-12 03:00:00,RES_EP_001,31.3,57.3,21.8,0.0,0.864,0,0.0,2025-07-12,3,normal,normal,none,24.0,0.0,24.0,0.864,0.864,0.0,0.0,40,green,offpeak,0.6934,synthetic_sample,none,False,normal: following plan,"plan: normal (cut 0.00, boost 0.00 kWh) | gate: next 24.00 C <= 26.0 C ok",normal,0.864,0.0,1.0,True,0,0,0.4,1.5,2,False,train_in_sample,rf
2025-07-12 04:00:00,RES_EP_001,31.6,56.1,21.8,0.0,0.592,0,0.0,2025-07-12,4,normal,normal,none,24.0,0.0,24.0,0.592,0.592,0.0,0.0,40,green,offpeak,0.5977,synthetic_sample,none,False,normal: following plan,"plan: normal (cut 0.00, boost 0.00 kWh) | gate: next 24.00 C <= 26.0 C ok",normal,0.592,0.0,1.0,True,0,0,0.4,1.5,2,False,train_in_sample,rf
2025-07-12 05:00:00,RES_EP_001,33.8,50.8,22.2,0.0,0.457,0,0.0,2025-07-12,5,normal,normal,none,24.0,0.0,24.0,0.457,0.457,0.0,0.0,40,green,offpeak,0.5036,synthetic_sample,none,False,normal: following plan,"plan: normal (cut 0.00, boost 0.00 kWh) | gate: next 24.00 C <= 26.0 C ok",normal,0.457,0.0,1.0,True,0,0,0.4,1.5,2,False,train_in_sample,rf
2025-07-12 06:00:00,RES_EP_001,35.4,51.8,24.0,184.1,0.717,0,0.0,2025-07-12,6,normal,normal,none,24.0,0.0,24.0,0.717,0.717,0.0,0.0,40,green,offpeak,0.6605,synthetic_sample,none,True,normal: following plan,"plan: normal (cut 0.00, boost 0.00 kWh) | gate: next 24.00 C <= 26.0 C ok",normal,0.717,0.0,1.0,True,0,0,0.4,1.5,2,False,train_in_sample,rf
2025-07-12 07:00:00,RES_EP_001,36.1,52.3,24.8,388.6,0.244,0,0.0,2025-07-12,7,normal,normal,none,24.0,0.0,24.0,0.244,0.244,0.0,0.0,40,green,offpeak,0.3413,synthetic_sample,none,True,normal: following plan,"plan: normal (cut 0.00, boost 0.00 kWh) | gate: next 24.00 C <= 26.0 C ok",normal,0.244,0.0,1.0,True,0,0,0.4,1.5,2,False,train_in_sample,rf
2025-07-12 08:00:00,RES_EP_001,38.5,51.7,26.8,504.9,0.0,0,0.0,2025-07-12,8,normal,normal,none,24.0,0.0,24.0,0.0,0.0,0.0,0.0,40,green,offpeak,0.1866,synthetic_sample,none,True,normal: following plan,"plan: normal (cut 0.00, boost 0.00 kWh) | gate: next 24.00 C <= 26.0 C ok",normal,0.0,0.0,1.0,True,0,0,0.4,1.5,2,False,train_in_sample,rf
2025-07-12 09:00:00,RES_EP_001,39.5,46.4,25.8,667.5,1.133,0,0.01,2025-07-12,9,normal,normal,none,24.0,0.0,24.0,1.133,1.133,0.0,0.0,40,green,offpeak,1.1303,synthetic_sample,none,True,normal: following plan,"plan: normal (cut 0.00, boost 0.00 kWh) | gate: next 24.00 C <= 26.0 C ok",normal,1.133,0.0,1.0,True,0,0,0.4,1.5,2,False,train_in_sample,rf
2025-07-12 10:00:00,RES_EP_001,41.6,50.2,29.1,774.7,1.857,0,0.0,2025-07-12,10,pre_cool,pre_cool,none,24.0,0.0,23.3882,1.857,3.357,0.0,-1.0,100,blue,offpeak,1.8586,synthetic_sample,none,True,pre_cool: following plan,"plan: pre_cool (cut 0.00, boost 1.50 kWh) | gate: next 23.39 C <= 26.0 C ok",pre_cool,3.357,0.0,1.0,True,0,1,0.4,1.5,2,False,train_in_sample,rf
2025-07-12 11:00:00,RES_EP_001,43.6,50.4,31.0,902.0,2.743,0,0.05,2025-07-12,11,pre_cool,pre_cool,none,23.3882,-0.6118,23.1496,2.743,3.6,0.0,-1.0,100,blue,offpeak,2.7508,synthetic_sample,none,True,pre_cool: following plan,"plan: pre_cool (cut 0.00, boost 1.50 kWh) | gate: next 23.15 C <= 26.0 C ok",pre_cool,3.6,0.0,1.0,True,0,1,0.4,1.5,2,False,train_in_sample,rf
2025-07-12 12:00:00,RES_EP_001,43.7,53.4,32.1,825.6,2.822,1,1.0,2025-07-12,12,peak_reduce,peak_reduce,none,23.1496,-0.8504,23.7641,2.822,1.6932,0.0,1.0,75,yellow,peak,2.7966,synthetic_sample,none,True,peak_reduce: following plan,"plan: peak_reduce (cut 0.40, boost 0.00 kWh) | gate: next 23.76 C <= 26.0 C ok",peak_reduce,1.6932,1.1288,1.0,True,1,0,0.4,1.5,2,False,train_in_sample,rf
2025-07-12 13:00:00,RES_EP_001,45.0,56.6,34.3,837.1,3.404,1,1.0,2025-07-12,13,peak_reduce,peak_reduce,none,23.7641,-0.2359,24.3622,3.404,2.0424,0.0,1.0,75,yellow,peak,3.2954,synthetic_sample,none,True,peak_reduce: following plan,"plan: peak_reduce (cut 0.40, boost 0.00 kWh) | gate: next 24.36 C <= 26.0 C ok",peak_reduce,2.0424,1.3616,1.0,True,1,0,0.4,1.5,2,False,train_in_sample,rf
2025-07-12 14:00:00,RES_EP_001,45.3,53.8,33.7,763.6,3.188,1,1.0,2025-07-12,14,peak_reduce,peak_reduce,none,24.3622,0.3622,24.8167,3.188,1.9128,0.0,1.0,75,yellow,peak,3.1969,synthetic_sample,none,True,peak_reduce: following plan,"plan: peak_reduce (cut 0.40, boost 0.00 kWh) | gate: next 24.82 C <= 26.0 C ok",peak_reduce,1.9128,1.2752,0.819,True,1,0,0.4,1.5,2,False,train_in_sample,rf
2025-07-12 15:00:00,RES_EP_001,44.4,61.8,35.4,651.5,2.734,1,1.0,2025-07-12,15,peak_reduce,peak_reduce,none,24.8167,0.8167,25.1147,2.734,1.6404,0.0,1.0,75,yellow,peak,2.8505,synthetic_sample,none,True,peak_reduce: following plan,"plan: peak_reduce (cut 0.40, boost 0.00 kWh) | gate: next 25.11 C <= 26.0 C ok",peak_reduce,1.6404,1.0936,0.592,True,1,0,0.4,1.5,2,False,train_in_sample,rf
2025-07-12 16:00:00,RES_EP_001,44.2,65.3,36.2,472.7,2.952,1,1.0,2025-07-12,16,peak_reduce,peak_reduce,none,25.1147,1.1147,25.3942,2.952,1.7712,0.0,1.0,75,yellow,peak,2.8759,synthetic_sample,none,True,peak_reduce: following plan,"plan: peak_reduce (cut 0.40, boost 0.00 kWh) | gate: next 25.39 C <= 26.0 C ok",peak_reduce,1.7712,1.1808,0.443,True,1,0,0.4,1.5,2,False,train_in_sample,rf
2025-07-12 17:00:00,RES_EP_001,42.9,63.7,34.5,329.3,2.122,1,1.0,2025-07-12,17,peak_reduce,peak_reduce,none,25.3942,1.3942,25.4877,2.122,1.2732,0.0,1.0,75,yellow,peak,1.9984,synthetic_sample,none,True,peak_reduce: following plan,"plan: peak_reduce (cut 0.40, boost 0.00 kWh) | gate: next 25.49 C <= 26.0 C ok",peak_reduce,1.2732,0.8488,0.303,True,1,0,0.4,1.5,2,False,train_in_sample,rf
2025-07-12 18:00:00,RES_EP_001,41.9,67.9,34.7,179.4,1.949,1,0.99,2025-07-12,18,peak_reduce,peak_reduce,none,25.4877,1.4877,25.536,1.949,1.1694,0.0,1.0,75,yellow,peak,1.8412,synthetic_sample,none,True,peak_reduce: following plan,"plan: peak_reduce (cut 0.40, boost 0.00 kWh) | gate: next 25.54 C <= 26.0 C ok",peak_reduce,1.1694,0.7796,0.256,True,1,0,0.4,1.5,2,False,train_in_sample,rf
2025-07-12 19:00:00,RES_EP_001,39.3,66.8,32.0,0.0,1.009,0,0.11,2025-07-12,19,normal,normal,none,25.536,1.536,24.5615,1.009,2.7156,1.7066,0.0,40,green,offpeak,1.0018,synthetic_sample,none,True,recovery: restoring setpoint after the reduction window,"plan: normal (cut 0.00, boost 0.00 kWh) | recovery: indoor +1.54 C above setpoint, thermostat pulls back | gate: next 24.56 C <= 26.0 C ok",normal,2.7156,0.0,0.232,True,0,0,0.4,1.5,2,False,train_in_sample,rf
2025-07-12 20:00:00,RES_EP_001,37.9,62.2,29.4,0.0,0.0,0,0.05,2025-07-12,20,normal,normal,none,24.5615,0.5615,24.2053,0.0,0.6239,0.6239,0.0,40,green,offpeak,0.0205,synthetic_sample,none,True,recovery: restoring setpoint after the reduction window,"plan: normal (cut 0.00, boost 0.00 kWh) | recovery: indoor +0.56 C above setpoint, thermostat pulls back | gate: next 24.21 C <= 26.0 C ok",normal,0.6239,0.0,0.719,True,0,0,0.4,1.5,2,False,train_in_sample,rf
2025-07-12 21:00:00,RES_EP_001,36.4,68.1,29.5,0.0,0.852,0,0.02,2025-07-12,21,normal,normal,none,24.2053,0.2053,24.075,0.852,1.0801,0.2281,0.0,40,green,offpeak,0.6764,synthetic_sample,none,True,recovery: restoring setpoint after the reduction window,"plan: normal (cut 0.00, boost 0.00 kWh) | recovery: indoor +0.21 C above setpoint, thermostat pulls back | gate: next 24.08 C <= 26.0 C ok",normal,1.0801,0.0,0.897,True,0,0,0.4,1.5,2,False,train_in_sample,rf
2025-07-12 22:00:00,RES_EP_001,34.7,64.4,27.0,0.0,0.541,0,0.0,2025-07-12,22,normal,normal,none,24.075,0.075,24.0274,0.541,0.6244,0.0834,0.0,40,green,offpeak,0.5396,synthetic_sample,none,True,recovery: restoring setpoint after the reduction window,"plan: normal (cut 0.00, boost 0.00 kWh) | recovery: indoor +0.08 C above setpoint, thermostat pulls back | gate: next 24.03 C <= 26.0 C ok",normal,0.6244,0.0,0.963,True,0,0,0.4,1.5,2,False,train_in_sample,rf
2025-07-12 23:00:00,RES_EP_001,32.6,62.3,24.4,0.0,0.482,0,0.0,2025-07-12,23,normal,normal,none,24.0274,0.0274,24.0225,0.482,0.482,0.0,0.0,40,green,offpeak,0.511,synthetic_sample,none,True,normal: following plan,"plan: normal (cut 0.00, boost 0.00 kWh) | gate: next 24.02 C <= 26.0 C ok",normal,0.482,0.0,0.986,True,0,0,0.4,1.5,2,False,train_in_sample,rf
2025-07-13 00:00:00,RES_EP_001,32.6,65.3,25.2,0.0,0.631,0,0.0,2025-07-13,0,normal,normal,none,24.0,0.0,24.0,0.631,0.631,0.0,0.0,40,green,offpeak,0.5649,synthetic_sample,none,True,normal: following plan,"plan: normal (cut 0.00, boost 0.00 kWh) | gate: next 24.00 C <= 26.0 C ok",normal,0.631,0.0,1.0,True,0,0,0.4,1.0,4,False,train_in_sample,rf
2025-07-13 01:00:00,RES_EP_001,30.5,62.0,22.4,0.0,0.59,0,0.0,2025-07-13,1,normal,normal,none,24.0,0.0,24.0,0.59,0.59,0.0,0.0,40,green,offpeak,0.5617,synthetic_sample,none,False,normal: following plan,"plan: normal (cut 0.00, boost 0.00 kWh) | gate: next 24.00 C <= 26.0 C ok",normal,0.59,0.0,1.0,True,0,0,0.4,1.0,4,False,train_in_sample,rf
2025-07-13 02:00:00,RES_EP_001,30.7,62.4,22.7,0.0,0.447,0,0.0,2025-07-13,2,normal,normal,none,24.0,0.0,24.0,0.447,0.447,0.0,0.0,40,green,offpeak,0.4896,synthetic_sample,none,False,normal: following plan,"plan: normal (cut 0.00, boost 0.00 kWh) | gate: next 24.00 C <= 26.0 C ok",normal,0.447,0.0,1.0,True,0,0,0.4,1.0,4,False,train_in_sample,rf
2025-07-13 03:00:00,RES_EP_001,30.8,57.0,21.3,0.0,0.626,0,0.0,2025-07-13,3,normal,normal,none,24.0,0.0,24.0,0.626,0.626,0.0,0.0,40,green,offpeak,0.6066,synthetic_sample,none,False,normal: following plan,"plan: normal (cut 0.00, boost 0.00 kWh) | gate: next 24.00 C <= 26.0 C ok",normal,0.626,0.0,1.0,True,0,0,0.4,1.0,4,False,train_in_sample,rf
2025-07-13 04:00:00,RES_EP_001,31.0,59.2,22.1,0.0,0.674,0,0.0,2025-07-13,4,normal,normal,none,24.0,0.0,24.0,0.674,0.674,0.0,0.0,40,green,offpeak,0.6301,synthetic_sample,none,False,normal: following plan,"plan: normal (cut 0.00, boost 0.00 kWh) | gate: next 24.00 C <= 26.0 C ok",normal,0.674,0.0,1.0,True,0,0,0.4,1.0,4,False,train_in_sample,rf
2025-07-13 05:00:00,RES_EP_001,32.5,55.5,22.4,0.0,0.798,0,0.0,2025-07-13,5,normal,normal,none,24.0,0.0,24.0,0.798,0.798,0.0,0.0,40,green,offpeak,0.673,synthetic_sample,none,False,normal: following plan,"plan: normal (cut 0.00, boost 0.00 kWh) | gate: next 24.00 C <= 26.0 C ok",normal,0.798,0.0,1.0,True,0,0,0.4,1.0,4,False,train_in_sample,rf
2025-07-13 06:00:00,RES_EP_001,34.2,48.1,21.6,190.8,0.387,0,0.0,2025-07-13,6,normal,normal,none,24.0,0.0,24.0,0.387,0.387,0.0,0.0,40,green,offpeak,0.4739,synthetic_sample,none,False,normal: following plan,"plan: normal (cut 0.00, boost 0.00 kWh) | gate: next 24.00 C <= 26.0 C ok",normal,0.387,0.0,1.0,True,0,0,0.4,1.0,4,False,train_in_sample,rf
2025-07-13 07:00:00,RES_EP_001,36.1,49.4,23.8,344.2,0.712,0,0.0,2025-07-13,7,normal,normal,none,24.0,0.0,24.0,0.712,0.712,0.0,0.0,40,green,offpeak,0.607,synthetic_sample,none,False,normal: following plan,"plan: normal (cut 0.00, boost 0.00 kWh) | gate: next 24.00 C <= 26.0 C ok",normal,0.712,0.0,1.0,True,0,0,0.4,1.0,4,False,train_in_sample,rf
2025-07-13 08:00:00,RES_EP_001,37.6,53.8,26.6,484.2,0.0,0,0.0,2025-07-13,8,pre_cool,pre_cool,none,24.0,0.0,23.5921,0.0,1.0,0.0,-1.0,100,blue,offpeak,0.0405,synthetic_sample,none,True,pre_cool: following plan,"plan: pre_cool (cut 0.00, boost 1.00 kWh) | gate: next 23.59 C <= 26.0 C ok",pre_cool,1.0,0.0,1.0,True,0,1,0.4,1.0,4,False,train_in_sample,rf
2025-07-13 09:00:00,RES_EP_001,39.1,51.6,27.3,696.0,1.435,0,0.0,2025-07-13,9,pre_cool,pre_cool,none,23.5921,-0.4079,23.2582,1.435,2.435,0.0,-1.0,100,blue,offpeak,1.2666,synthetic_sample,none,True,pre_cool: following plan,"plan: pre_cool (cut 0.00, boost 1.00 kWh) | gate: next 23.26 C <= 26.0 C ok",pre_cool,2.435,0.0,1.0,True,0,1,0.4,1.0,4,False,train_in_sample,rf
2025-07-13 10:00:00,RES_EP_001,41.5,53.3,30.0,749.6,1.516,0,0.0,2025-07-13,10,pre_cool,pre_cool,none,23.2582,-0.7418,22.9848,1.516,2.516,0.0,-1.0,100,blue,offpeak,1.6508,synthetic_sample,none,True,pre_cool: following plan,"plan: pre_cool (cut 0.00, boost 1.00 kWh) | gate: next 22.98 C <= 26.0 C ok",pre_cool,2.516,0.0,1.0,True,0,1,0.4,1.0,4,False,train_in_sample,rf
2025-07-13 11:00:00,RES_EP_001,42.1,51.1,29.9,824.6,2.455,0,0.13,2025-07-13,11,pre_cool,pre_cool,none,22.9848,-1.0152,22.761,2.455,3.455,0.0,-1.0,100,blue,offpeak,2.4983,synthetic_sample,none,True,pre_cool: following plan,"plan: pre_cool (cut 0.00, boost 1.00 kWh) | gate: next 22.76 C <= 26.0 C ok",pre_cool,3.455,0.0,1.0,True,0,1,0.4,1.0,4,False,train_in_sample,rf
2025-07-13 12:00:00,RES_EP_001,43.6,57.3,33.3,826.0,3.266,1,0.97,2025-07-13,12,peak_reduce,peak_reduce,none,22.761,-1.239,23.5184,3.266,1.9596,0.0,1.0,75,yellow,peak,2.9593,synthetic_sample,none,True,peak_reduce: following plan,"plan: peak_reduce (cut 0.40, boost 0.00 kWh) | gate: next 23.52 C <= 26.0 C ok",peak_reduce,1.9596,1.3064,1.0,True,1,0,0.4,1.0,4,False,train_in_sample,rf
2025-07-13 13:00:00,RES_EP_001,44.7,58.2,34.6,864.7,2.939,1,1.0,2025-07-13,13,peak_reduce,peak_reduce,none,23.5184,-0.4816,24.0852,2.939,1.7634,0.0,1.0,75,yellow,peak,3.0359,synthetic_sample,none,True,peak_reduce: following plan,"plan: peak_reduce (cut 0.40, boost 0.00 kWh) | gate: next 24.09 C <= 26.0 C ok",peak_reduce,1.7634,1.1756,1.0,True,1,0,0.4,1.0,4,False,train_in_sample,rf
2025-07-13 14:00:00,RES_EP_001,44.8,56.9,34.2,721.6,2.895,1,1.0,2025-07-13,14,peak_reduce,peak_reduce,none,24.0852,0.0852,24.542,2.895,1.737,0.0,1.0,75,yellow,peak,2.9747,synthetic_sample,none,True,peak_reduce: following plan,"plan: peak_reduce (cut 0.40, boost 0.00 kWh) | gate: next 24.54 C <= 26.0 C ok",peak_reduce,1.737,1.158,0.957,True,1,0,0.4,1.0,4,False,train_in_sample,rf
2025-07-13 15:00:00,RES_EP_001,45.0,60.1,35.4,733.0,3.212,1,1.0,2025-07-13,15,peak_reduce,peak_reduce,none,24.542,0.542,24.9678,3.212,1.9272,0.0,1.0,75,yellow,peak,3.1161,synthetic_sample,none,True,peak_reduce: following plan,"plan: peak_reduce (cut 0.40, boost 0.00 kWh) | gate: next 24.97 C <= 26.0 C ok",peak_reduce,1.9272,1.2848,0.729,True,1,0,0.4,1.0,4,False,train_in_sample,rf
2025-07-13 16:00:00,RES_EP_001,43.8,67.8,36.5,480.6,2.93,1,1.0,2025-07-13,16,peak_reduce,peak_reduce,none,24.9678,0.9678,25.2704,2.93,1.758,0.0,1.0,75,yellow,peak,2.8394,synthetic_sample,none,True,peak_reduce: following plan,"plan: peak_reduce (cut 0.40, boost 0.00 kWh) | gate: next 25.27 C <= 26.0 C ok",peak_reduce,1.758,1.172,0.516,True,1,0,0.4,1.0,4,False,train_in_sample,rf
2025-07-13 17:00:00,RES_EP_001,43.0,65.0,35.0,336.6,2.698,1,1.0,2025-07-13,17,peak_reduce,peak_reduce,none,25.2704,1.2704,25.4802,2.698,1.6188,0.0,1.0,75,yellow,peak,2.4531,synthetic_sample,none,True,peak_reduce: following plan,"plan: peak_reduce (cut 0.40, boost 0.00 kWh) | gate: next 25.48 C <= 26.0 C ok",peak_reduce,1.6188,1.0792,0.365,True,1,0,0.4,1.0,4,False,train_in_sample,rf
2025-07-13 18:00:00,RES_EP_001,41.0,64.5,32.9,176.1,1.793,1,0.99,2025-07-13,18,peak_reduce,peak_reduce,none,25.4802,1.4802,25.5044,1.793,1.0758,0.0,1.0,75,yellow,peak,1.7974,synthetic_sample,none,True,peak_reduce: following plan,"plan: peak_reduce (cut 0.40, boost 0.00 kWh) | gate: next 25.50 C <= 26.0 C ok",peak_reduce,1.0758,0.7172,0.26,True,1,0,0.4,1.0,4,False,train_in_sample,rf
2025-07-13 19:00:00,RES_EP_001,38.8,68.5,31.9,0.0,0.749,0,0.12,2025-07-13,19,normal,normal,none,25.5044,1.5044,24.55,0.749,2.4206,1.6716,0.0,40,green,offpeak,0.8808,synthetic_sample,none,True,recovery: restoring setpoint after the reduction window,"plan: normal (cut 0.00, boost 0.00 kWh) | recovery: indoor +1.50 C above setpoint, thermostat pulls back | gate: next 24.55 C <= 26.0 C ok",normal,2.4206,0.0,0.248,True,0,0,0.4,1.0,4,False,train_in_sample,rf
2025-07-13 20:00:00,RES_EP_001,37.2,69.2,30.6,0.0,0.332,0,0.01,2025-07-13,20,normal,normal,none,24.55,0.55,24.201,0.332,0.9431,0.6111,0.0,40,green,offpeak,0.181,synthetic_sample,none,True,recovery: restoring setpoint after the reduction window,"plan: normal (cut 0.00, boost 0.00 kWh) | recovery: indoor +0.55 C above setpoint, thermostat pulls back | gate: next 24.20 C <= 26.0 C ok",normal,0.9431,0.0,0.725,True,0,0,0.4,1.0,4,False,train_in_sample,rf
2025-07-13 21:00:00,RES_EP_001,36.2,66.4,28.9,0.0,0.238,0,0.0,2025-07-13,21,normal,normal,none,24.201,0.201,24.0735,0.238,0.4614,0.2234,0.0,40,green,offpeak,0.4513,synthetic_sample,none,True,recovery: restoring setpoint after the reduction window,"plan: normal (cut 0.00, boost 0.00 kWh) | recovery: indoor +0.20 C above setpoint, thermostat pulls back | gate: next 24.07 C <= 26.0 C ok",normal,0.4614,0.0,0.899,True,0,0,0.4,1.0,4,False,train_in_sample,rf
2025-07-13 22:00:00,RES_EP_001,33.4,63.8,25.6,0.0,0.465,0,0.0,2025-07-13,22,normal,normal,none,24.0735,0.0735,24.0269,0.465,0.5467,0.0817,0.0,40,green,offpeak,0.5009,synthetic_sample,none,True,recovery: restoring setpoint after the reduction window,"plan: normal (cut 0.00, boost 0.00 kWh) | recovery: indoor +0.07 C above setpoint, thermostat pulls back | gate: next 24.03 C <= 26.0 C ok",normal,0.5467,0.0,0.963,True,0,0,0.4,1.0,4,False,train_in_sample,rf
2025-07-13 23:00:00,RES_EP_001,32.4,70.8,26.4,0.0,0.445,0,0.0,2025-07-13,23,normal,normal,none,24.0269,0.0269,24.022,0.445,0.445,0.0,0.0,40,green,offpeak,0.452,synthetic_sample,none,True,normal: following plan,"plan: normal (cut 0.00, boost 0.00 kWh) | gate: next 24.02 C <= 26.0 C ok",normal,0.445,0.0,0.987,True,0,0,0.4,1.0,4,False,train_in_sample,rf
2025-07-14 00:00:00,RES_EP_001,31.4,63.7,23.7,0.0,0.731,0,0.0,2025-07-14,0,normal,normal,none,24.0,0.0,24.0,0.731,0.731,0.0,0.0,40,green,offpeak,0.6055,synthetic_sample,none,False,normal: following plan,"plan: normal (cut 0.00, boost 0.00 kWh) | gate: next 24.00 C <= 26.0 C ok",normal,0.731,0.0,1.0,True,0,0,0.55,1.5,3,False,train_in_sample,rf
2025-07-14 01:00:00,RES_EP_001,30.0,64.7,22.6,0.0,0.0,0,0.0,2025-07-14,1,normal,normal,none,24.0,0.0,24.0,0.0,0.0,0.0,0.0,40,green,offpeak,0.3015,synthetic_sample,none,False,normal: following plan,"plan: normal (cut 0.00, boost 0.00 kWh) | gate: next 24.00 C <= 26.0 C ok",normal,0.0,0.0,1.0,True,0,0,0.55,1.5,3,False,train_in_sample,rf
2025-07-14 02:00:00,RES_EP_001,30.9,61.4,22.6,0.0,0.47,0,0.0,2025-07-14,2,normal,normal,none,24.0,0.0,24.0,0.47,0.47,0.0,0.0,40,green,offpeak,0.4394,synthetic_sample,none,False,normal: following plan,"plan: normal (cut 0.00, boost 0.00 kWh) | gate: next 24.00 C <= 26.0 C ok",normal,0.47,0.0,1.0,True,0,0,0.55,1.5,3,False,train_in_sample,rf
2025-07-14 03:00:00,RES_EP_001,30.5,55.8,20.7,0.0,0.6,0,0.0,2025-07-14,3,normal,normal,none,24.0,0.0,24.0,0.6,0.6,0.0,0.0,40,green,offpeak,0.5711,synthetic_sample,none,False,normal: following plan,"plan: normal (cut 0.00, boost 0.00 kWh) | gate: next 24.00 C <= 26.0 C ok",normal,0.6,0.0,1.0,True,0,0,0.55,1.5,3,False,train_in_sample,rf
2025-07-14 04:00:00,RES_EP_001,30.8,54.9,20.7,0.0,0.537,0,0.0,2025-07-14,4,normal,normal,none,24.0,0.0,24.0,0.537,0.537,0.0,0.0,40,green,offpeak,0.535,synthetic_sample,none,False,normal: following plan,"plan: normal (cut 0.00, boost 0.00 kWh) | gate: next 24.00 C <= 26.0 C ok",normal,0.537,0.0,1.0,True,0,0,0.55,1.5,3,False,train_in_sample,rf
2025-07-14 05:00:00,RES_EP_001,32.1,56.5,22.3,0.0,0.281,0,0.0,2025-07-14,5,normal,normal,none,24.0,0.0,24.0,0.281,0.281,0.0,0.0,40,green,offpeak,0.4202,synthetic_sample,none,False,normal: following plan,"plan: normal (cut 0.00, boost 0.00 kWh) | gate: next 24.00 C <= 26.0 C ok",normal,0.281,0.0,1.0,True,0,0,0.55,1.5,3,False,train_in_sample,rf
2025-07-14 06:00:00,RES_EP_001,33.0,53.5,22.3,175.3,0.495,0,0.0,2025-07-14,6,normal,normal,none,24.0,0.0,24.0,0.495,0.495,0.0,0.0,40,green,offpeak,0.4765,synthetic_sample,none,False,normal: following plan,"plan: normal (cut 0.00, boost 0.00 kWh) | gate: next 24.00 C <= 26.0 C ok",normal,0.495,0.0,1.0,True,0,0,0.55,1.5,3,False,train_in_sample,rf
2025-07-14 07:00:00,RES_EP_001,35.8,55.9,25.6,356.2,0.173,0,0.0,2025-07-14,7,normal,normal,none,24.0,0.0,24.0,0.173,0.173,0.0,0.0,40,green,offpeak,0.2794,synthetic_sample,none,True,normal: following plan,"plan: normal (cut 0.00, boost 0.00 kWh) | gate: next 24.00 C <= 26.0 C ok",normal,0.173,0.0,1.0,True,0,0,0.55,1.5,3,False,train_in_sample,rf
2025-07-14 08:00:00,RES_EP_001,37.2,50.0,25.0,532.2,0.0,0,0.0,2025-07-14,8,normal,normal,none,24.0,0.0,24.0,0.0,0.0,0.0,0.0,40,green,offpeak,0.0862,synthetic_sample,none,True,normal: following plan,"plan: normal (cut 0.00, boost 0.00 kWh) | gate: next 24.00 C <= 26.0 C ok",normal,0.0,0.0,1.0,True,0,0,0.55,1.5,3,False,train_in_sample,rf
2025-07-14 09:00:00,RES_EP_001,38.3,53.6,27.2,619.3,0.833,0,0.01,2025-07-14,9,pre_cool,pre_cool,none,24.0,0.0,23.3882,0.833,2.333,0.0,-1.0,100,blue,offpeak,1.1262,synthetic_sample,none,True,pre_cool: following plan,"plan: pre_cool (cut 0.00, boost 1.50 kWh) | gate: next 23.39 C <= 26.0 C ok",pre_cool,2.333,0.0,1.0,True,0,1,0.55,1.5,3,False,train_in_sample,rf
2025-07-14 10:00:00,RES_EP_001,39.4,51.3,27.5,779.8,1.426,0,0.0,2025-07-14,10,pre_cool,pre_cool,none,23.3882,-0.6118,22.8873,1.426,2.926,0.0,-1.0,100,blue,offpeak,1.4686,synthetic_sample,none,True,pre_cool: following plan,"plan: pre_cool (cut 0.00, boost 1.50 kWh) | gate: next 22.89 C <= 26.0 C ok",pre_cool,2.926,0.0,1.0,True,0,1,0.55,1.5,3,False,train_in_sample,rf
2025-07-14 11:00:00,RES_EP_001,41.5,52.2,29.7,896.9,1.982,0,0.06,2025-07-14,11,pre_cool,pre_cool,none,22.8873,-1.1127,22.4772,1.982,3.482,0.0,-1.0,100,blue,offpeak,2.0849,synthetic_sample,none,True,pre_cool: following plan,"plan: pre_cool (cut 0.00, boost 1.50 kWh) | gate: next 22.48 C <= 26.0 C ok",pre_cool,3.482,0.0,1.0,True,0,1,0.55,1.5,3,False,train_in_sample,rf
2025-07-14 12:00:00,RES_EP_001,43.5,52.6,31.6,788.9,2.332,1,0.86,2025-07-14,12,peak_reduce,peak_reduce,none,22.4772,-1.5228,23.2764,2.332,1.0494,0.0,1.0,75,yellow,peak,2.2763,synthetic_sample,none,True,peak_reduce: following plan,"plan: peak_reduce (cut 0.55, boost 0.00 kWh) | gate: next 23.28 C <= 26.0 C ok",peak_reduce,1.0494,1.2826,1.0,True,1,0,0.55,1.5,3,False,train_in_sample,rf
2025-07-14 13:00:00,RES_EP_001,43.8,55.1,32.7,804.5,2.48,1,1.0,2025-07-14,13,peak_reduce,peak_reduce,none,23.2764,-0.7236,23.9639,2.48,1.116,0.0,1.0,75,yellow,peak,2.3891,synthetic_sample,none,True,peak_reduce: following plan,"plan: peak_reduce (cut 0.55, boost 0.00 kWh) | gate: next 23.96 C <= 26.0 C ok",peak_reduce,1.116,1.364,1.0,True,1,0,0.55,1.5,3,False,train_in_sample,rf
2025-07-14 14:00:00,RES_EP_001,44.4,57.9,34.2,800.1,2.524,1,1.0,2025-07-14,14,peak_reduce,peak_reduce,none,23.9639,-0.0361,24.5366,2.524,1.1358,0.0,1.0,75,yellow,peak,2.4905,synthetic_sample,none,True,peak_reduce: following plan,"plan: peak_reduce (cut 0.55, boost 0.00 kWh) | gate: next 24.54 C <= 26.0 C ok",peak_reduce,1.1358,1.3882,1.0,True,1,0,0.55,1.5,3,False,train_in_sample,rf
2025-07-14 15:00:00,RES_EP_001,43.0,60.6,33.7,715.2,2.229,1,1.0,2025-07-14,15,peak_reduce,peak_reduce,none,24.5366,0.5366,24.9393,2.229,1.003,0.0,1.0,75,yellow,peak,2.1911,synthetic_sample,none,True,peak_reduce: following plan,"plan: peak_reduce (cut 0.55, boost 0.00 kWh) | gate: next 24.94 C <= 26.0 C ok",peak_reduce,1.003,1.226,0.732,True,1,0,0.55,1.5,3,False,train_in_sample,rf
2025-07-14 16:00:00,RES_EP_001,43.2,60.4,33.8,518.2,1.946,1,1.0,2025-07-14,16,peak_reduce,peak_reduce,none,24.9393,0.9393,25.2056,1.946,0.8757,0.0,1.0,75,yellow,peak,2.052,synthetic_sample,none,True,peak_reduce: following plan,"plan: peak_reduce (cut 0.55, boost 0.00 kWh) | gate: next 25.21 C <= 26.0 C ok",peak_reduce,0.8757,1.0703,0.53,True,1,0,0.55,1.5,3,False,train_in_sample,rf
2025-07-14 17:00:00,RES_EP_001,41.1,68.1,34.0,394.9,1.89,1,0.99,2025-07-14,17,peak_reduce,peak_reduce,none,25.2056,1.2056,25.411,1.89,0.8505,0.0,1.0,75,yellow,peak,1.9148,synthetic_sample,none,True,peak_reduce: following plan,"plan: peak_reduce (cut 0.55, boost 0.00 kWh) | gate: next 25.41 C <= 26.0 C ok",peak_reduce,0.8505,1.0395,0.397,True,1,0,0.55,1.5,3,False,train_in_sample,rf
2025-07-14 18:00:00,RES_EP_001,40.0,67.1,32.7,165.5,1.348,1,0.96,2025-07-14,18,peak_reduce,peak_reduce,none,25.411,1.411,25.4576,1.348,0.6066,0.0,1.0,75,yellow,peak,1.5103,synthetic_sample,none,True,peak_reduce: following plan,"plan: peak_reduce (cut 0.55, boost 0.00 kWh) | gate: next 25.46 C <= 26.0 C ok",peak_reduce,0.6066,0.7414,0.294,True,1,0,0.55,1.5,3,False,train_in_sample,rf
2025-07-14 19:00:00,RES_EP_001,38.4,68.1,31.4,0.0,0.954,0,0.03,2025-07-14,19,normal,normal,none,25.4576,1.4576,24.5328,0.954,2.5736,1.6196,0.0,40,green,offpeak,0.7126,synthetic_sample,none,True,recovery: restoring setpoint after the reduction window,"plan: normal (cut 0.00, boost 0.00 kWh) | recovery: indoor +1.46 C above setpoint, thermostat pulls back | gate: next 24.53 C <= 26.0 C ok",normal,2.5736,0.0,0.271,True,0,0,0.55,1.5,3,False,train_in_sample,rf
2025-07-14 20:00:00,RES_EP_001,37.2,69.7,30.7,0.0,0.034,0,0.01,2025-07-14,20,normal,normal,none,24.5328,0.5328,24.1948,0.034,0.6261,0.5921,0.0,40,green,offpeak,0.2389,synthetic_sample,none,True,recovery: restoring setpoint after the reduction window,"plan: normal (cut 0.00, boost 0.00 kWh) | recovery: indoor +0.53 C above setpoint, thermostat pulls back | gate: next 24.19 C <= 26.0 C ok",normal,0.6261,0.0,0.734,True,0,0,0.55,1.5,3,False,train_in_sample,rf
2025-07-14 21:00:00,RES_EP_001,35.2,66.5,28.0,0.0,0.62,0,0.0,2025-07-14,21,normal,normal,none,24.1948,0.1948,24.0712,0.62,0.8364,0.2164,0.0,40,green,offpeak,0.5528,synthetic_sample,none,True,recovery: restoring setpoint after the reduction window,"plan: normal (cut 0.00, boost 0.00 kWh) | recovery: indoor +0.19 C above setpoint, thermostat pulls back | gate: next 24.07 C <= 26.0 C ok",normal,0.8364,0.0,0.903,True,0,0,0.55,1.5,3,False,train_in_sample,rf
2025-07-14 22:00:00,RES_EP_001,33.2,65.8,25.9,0.0,0.628,0,0.0,2025-07-14,22,normal,normal,none,24.0712,0.0712,24.026,0.628,0.7071,0.0791,0.0,40,green,offpeak,0.5732,synthetic_sample,none,True,recovery: restoring setpoint after the reduction window,"plan: normal (cut 0.00, boost 0.00 kWh) | recovery: indoor +0.07 C above setpoint, thermostat pulls back | gate: next 24.03 C <= 26.0 C ok",normal,0.7071,0.0,0.964,True,0,0,0.55,1.5,3,False,train_in_sample,rf
2025-07-14 23:00:00,RES_EP_001,32.2,65.3,24.8,0.0,0.57,0,0.0,2025-07-14,23,normal,normal,none,24.026,0.026,24.0213,0.57,0.57,0.0,0.0,40,green,offpeak,0.5464,synthetic_sample,none,True,normal: following plan,"plan: normal (cut 0.00, boost 0.00 kWh) | gate: next 24.02 C <= 26.0 C ok",normal,0.57,0.0,0.987,True,0,0,0.55,1.5,3,False,train_in_sample,rf
2025-07-15 00:00:00,RES_EP_001,30.5,68.3,24.0,0.0,0.34,0,0.0,2025-07-15,0,normal,normal,none,24.0,0.0,24.0,0.34,0.34,0.0,0.0,40,green,offpeak,0.4371,synthetic_sample,none,True,normal: following plan,"plan: normal (cut 0.00, boost 0.00 kWh) | gate: next 24.00 C <= 26.0 C ok",normal,0.34,0.0,1.0,True,0,0,0.55,1.5,3,False,train_in_sample,rf
2025-07-15 01:00:00,RES_EP_001,30.0,59.2,21.2,0.0,0.689,0,0.0,2025-07-15,1,normal,normal,none,24.0,0.0,24.0,0.689,0.689,0.0,0.0,40,green,offpeak,0.4665,synthetic_sample,none,False,normal: following plan,"plan: normal (cut 0.00, boost 0.00 kWh) | gate: next 24.00 C <= 26.0 C ok",normal,0.689,0.0,1.0,True,0,0,0.55,1.5,3,False,train_in_sample,rf
2025-07-15 02:00:00,RES_EP_001,29.9,63.5,22.2,0.0,0.53,0,0.0,2025-07-15,2,normal,normal,none,24.0,0.0,24.0,0.53,0.53,0.0,0.0,40,green,offpeak,0.4443,synthetic_sample,none,False,normal: following plan,"plan: normal (cut 0.00, boost 0.00 kWh) | gate: next 24.00 C <= 26.0 C ok",normal,0.53,0.0,1.0,True,0,0,0.55,1.5,3,False,train_in_sample,rf
2025-07-15 03:00:00,RES_EP_001,29.6,60.6,21.2,0.0,0.205,0,0.0,2025-07-15,3,normal,normal,none,24.0,0.0,24.0,0.205,0.205,0.0,0.0,40,green,offpeak,0.294,synthetic_sample,none,False,normal: following plan,"plan: normal (cut 0.00, boost 0.00 kWh) | gate: next 24.00 C <= 26.0 C ok",normal,0.205,0.0,1.0,True,0,0,0.55,1.5,3,False,train_in_sample,rf
2025-07-15 04:00:00,RES_EP_001,30.8,56.7,21.2,0.0,0.493,0,0.0,2025-07-15,4,normal,normal,none,24.0,0.0,24.0,0.493,0.493,0.0,0.0,40,green,offpeak,0.4505,synthetic_sample,none,False,normal: following plan,"plan: normal (cut 0.00, boost 0.00 kWh) | gate: next 24.00 C <= 26.0 C ok",normal,0.493,0.0,1.0,True,0,0,0.55,1.5,3,False,train_in_sample,rf
2025-07-15 05:00:00,RES_EP_001,31.1,50.8,19.7,0.0,0.602,0,0.0,2025-07-15,5,normal,normal,none,24.0,0.0,24.0,0.602,0.602,0.0,0.0,40,green,offpeak,0.5356,synthetic_sample,none,False,normal: following plan,"plan: normal (cut 0.00, boost 0.00 kWh) | gate: next 24.00 C <= 26.0 C ok",normal,0.602,0.0,1.0,True,0,0,0.55,1.5,3,False,train_in_sample,rf
2025-07-15 06:00:00,RES_EP_001,33.7,54.7,23.3,201.0,0.501,0,0.0,2025-07-15,6,normal,normal,none,24.0,0.0,24.0,0.501,0.501,0.0,0.0,40,green,offpeak,0.4637,synthetic_sample,none,False,normal: following plan,"plan: normal (cut 0.00, boost 0.00 kWh) | gate: next 24.00 C <= 26.0 C ok",normal,0.501,0.0,1.0,True,0,0,0.55,1.5,3,False,train_in_sample,rf
2025-07-15 07:00:00,RES_EP_001,34.4,50.1,22.5,371.9,0.475,0,0.0,2025-07-15,7,normal,normal,none,24.0,0.0,24.0,0.475,0.475,0.0,0.0,40,green,offpeak,0.3934,synthetic_sample,none,False,normal: following plan,"plan: normal (cut 0.00, boost 0.00 kWh) | gate: next 24.00 C <= 26.0 C ok",normal,0.475,0.0,1.0,True,0,0,0.55,1.5,3,False,train_in_sample,rf
2025-07-15 08:00:00,RES_EP_001,36.4,54.6,25.8,514.1,0.221,0,0.0,2025-07-15,8,normal,normal,none,24.0,0.0,24.0,0.221,0.221,0.0,0.0,40,green,offpeak,0.1467,synthetic_sample,none,True,normal: following plan,"plan: normal (cut 0.00, boost 0.00 kWh) | gate: next 24.00 C <= 26.0 C ok",normal,0.221,0.0,1.0,True,0,0,0.55,1.5,3,False,train_in_sample,rf
2025-07-15 09:00:00,RES_EP_001,37.8,49.0,25.2,648.4,0.911,0,0.0,2025-07-15,9,pre_cool,pre_cool,none,24.0,0.0,23.3882,0.911,2.411,0.0,-1.0,100,blue,offpeak,0.8995,synthetic_sample,none,True,pre_cool: following plan,"plan: pre_cool (cut 0.00, boost 1.50 kWh) | gate: next 23.39 C <= 26.0 C ok",pre_cool,2.411,0.0,1.0,True,0,1,0.55,1.5,3,False,train_in_sample,rf
2025-07-15 10:00:00,RES_EP_001,39.7,50.9,27.6,721.8,1.675,0,0.0,2025-07-15,10,pre_cool,pre_cool,none,23.3882,-0.6118,22.8873,1.675,3.175,0.0,-1.0,100,blue,offpeak,1.533,synthetic_sample,none,True,pre_cool: following plan,"plan: pre_cool (cut 0.00, boost 1.50 kWh) | gate: next 22.89 C <= 26.0 C ok",pre_cool,3.175,0.0,1.0,True,0,1,0.55,1.5,3,False,train_in_sample,rf
2025-07-15 11:00:00,RES_EP_001,40.6,55.5,29.9,821.9,1.859,0,0.04,2025-07-15,11,pre_cool,pre_cool,none,22.8873,-1.1127,22.4772,1.859,3.359,0.0,-1.0,100,blue,offpeak,1.8754,synthetic_sample,none,True,pre_cool: following plan,"plan: pre_cool (cut 0.00, boost 1.50 kWh) | gate: next 22.48 C <= 26.0 C ok",pre_cool,3.359,0.0,1.0,True,0,1,0.55,1.5,3,False,train_in_sample,rf
2025-07-15 12:00:00,RES_EP_001,42.3,54.4,31.1,760.7,2.286,1,0.97,2025-07-15,12,peak_reduce,peak_reduce,none,22.4772,-1.5228,23.2661,2.286,1.0287,0.0,1.0,75,yellow,peak,2.2692,synthetic_sample,none,True,peak_reduce: following plan,"plan: peak_reduce (cut 0.55, boost 0.00 kWh) | gate: next 23.27 C <= 26.0 C ok",peak_reduce,1.0287,1.2573,1.0,True,1,0,0.55,1.5,3,False,train_in_sample,rf
2025-07-15 13:00:00,RES_EP_001,43.9,55.8,33.1,799.9,2.14,1,1.0,2025-07-15,13,peak_reduce,peak_reduce,none,23.2661,-0.7339,23.8792,2.14,0.963,0.0,1.0,75,yellow,peak,2.2889,synthetic_sample,none,True,peak_reduce: following plan,"plan: peak_reduce (cut 0.55, boost 0.00 kWh) | gate: next 23.88 C <= 26.0 C ok",peak_reduce,0.963,1.177,1.0,True,1,0,0.55,1.5,3,False,train_in_sample,rf
2025-07-15 14:00:00,RES_EP_001,43.9,58.0,33.8,744.0,2.484,1,1.0,2025-07-15,14,peak_reduce,peak_reduce,none,23.8792,-0.1208,24.4583,2.484,1.1178,0.0,1.0,75,yellow,peak,2.3917,synthetic_sample,none,True,peak_reduce: following plan,"plan: peak_reduce (cut 0.55, boost 0.00 kWh) | gate: next 24.46 C <= 26.0 C ok",peak_reduce,1.1178,1.3662,1.0,True,1,0,0.55,1.5,3,False,train_in_sample,rf
2025-07-15 15:00:00,RES_EP_001,42.7,62.6,34.0,631.4,2.135,1,1.0,2025-07-15,15,peak_reduce,peak_reduce,none,24.4583,0.4583,24.8541,2.135,0.9607,0.0,1.0,75,yellow,peak,2.2019,synthetic_sample,none,True,peak_reduce: following plan,"plan: peak_reduce (cut 0.55, boost 0.00 kWh) | gate: next 24.85 C <= 26.0 C ok",peak_reduce,0.9607,1.1743,0.771,True,1,0,0.55,1.5,3,False,train_in_sample,rf
2025-07-15 16:00:00,RES_EP_001,42.2,64.3,34.0,514.4,2.206,1,1.0,2025-07-15,16,peak_reduce,peak_reduce,none,24.8541,0.8541,25.1941,2.206,0.9927,0.0,1.0,75,yellow,peak,2.0422,synthetic_sample,none,True,peak_reduce: following plan,"plan: peak_reduce (cut 0.55, boost 0.00 kWh) | gate: next 25.19 C <= 26.0 C ok",peak_reduce,0.9927,1.2133,0.573,True,1,0,0.55,1.5,3,False,train_in_sample,rf
2025-07-15 17:00:00,RES_EP_001,41.6,64.4,33.5,380.2,1.821,1,1.0,2025-07-15,17,peak_reduce,peak_reduce,none,25.1941,1.1941,25.3862,1.821,0.8194,0.0,1.0,75,yellow,peak,1.8871,synthetic_sample,none,True,peak_reduce: following plan,"plan: peak_reduce (cut 0.55, boost 0.00 kWh) | gate: next 25.39 C <= 26.0 C ok",peak_reduce,0.8194,1.0016,0.403,True,1,0,0.55,1.5,3,False,train_in_sample,rf
2025-07-15 18:00:00,RES_EP_001,39.4,66.1,31.9,176.8,1.777,1,0.98,2025-07-15,18,peak_reduce,peak_reduce,none,25.3862,1.3862,25.5335,1.777,0.7996,0.0,1.0,75,yellow,peak,1.5239,synthetic_sample,none,True,peak_reduce: following plan,"plan: peak_reduce (cut 0.55, boost 0.00 kWh) | gate: next 25.53 C <= 26.0 C ok",peak_reduce,0.7996,0.9774,0.307,True,1,0,0.55,1.5,3,False,train_in_sample,rf
2025-07-15 19:00:00,RES_EP_001,38.5,70.1,32.1,0.0,1.188,0,0.12,2025-07-15,19,normal,normal,none,25.5335,1.5335,24.5606,1.188,2.8919,1.7039,0.0,40,green,offpeak,0.9944,synthetic_sample,none,True,recovery: restoring setpoint after the reduction window,"plan: normal (cut 0.00, boost 0.00 kWh) | recovery: indoor +1.53 C above setpoint, thermostat pulls back | gate: next 24.56 C <= 26.0 C ok",normal,2.8919,0.0,0.233,True,0,0,0.55,1.5,3,False,train_in_sample,rf
2025-07-15 20:00:00,RES_EP_001,36.3,66.7,29.1,0.0,0.0,0,0.0,2025-07-15,20,normal,normal,none,24.5606,0.5606,24.2049,0.0,0.6229,0.6229,0.0,40,green,offpeak,0.0422,synthetic_sample,none,True,recovery: restoring setpoint after the reduction window,"plan: normal (cut 0.00, boost 0.00 kWh) | recovery: indoor +0.56 C above setpoint, thermostat pulls back | gate: next 24.20 C <= 26.0 C ok",normal,0.6229,0.0,0.72,True,0,0,0.55,1.5,3,False,train_in_sample,rf
2025-07-15 21:00:00,RES_EP_001,34.3,68.5,27.6,0.0,0.22,0,0.0,2025-07-15,21,normal,normal,none,24.2049,0.2049,24.0749,0.22,0.4477,0.2277,0.0,40,green,offpeak,0.2538,synthetic_sample,none,True,recovery: restoring setpoint after the reduction window,"plan: normal (cut 0.00, boost 0.00 kWh) | recovery: indoor +0.20 C above setpoint, thermostat pulls back | gate: next 24.07 C <= 26.0 C ok",normal,0.4477,0.0,0.898,True,0,0,0.55,1.5,3,False,train_in_sample,rf
2025-07-15 22:00:00,RES_EP_001,33.1,67.0,26.1,0.0,0.091,0,0.0,2025-07-15,22,normal,normal,none,24.0749,0.0749,24.0274,0.091,0.1742,0.0832,0.0,40,green,offpeak,0.1964,synthetic_sample,none,True,recovery: restoring setpoint after the reduction window,"plan: normal (cut 0.00, boost 0.00 kWh) | recovery: indoor +0.07 C above setpoint, thermostat pulls back | gate: next 24.03 C <= 26.0 C ok",normal,0.1742,0.0,0.963,True,0,0,0.55,1.5,3,False,train_in_sample,rf
2025-07-15 23:00:00,RES_EP_001,31.0,69.0,24.6,0.0,0.411,0,0.0,2025-07-15,23,normal,normal,none,24.0274,0.0274,24.0224,0.411,0.411,0.0,0.0,40,green,offpeak,0.333,synthetic_sample,none,True,normal: following plan,"plan: normal (cut 0.00, boost 0.00 kWh) | gate: next 24.02 C <= 26.0 C ok",normal,0.411,0.0,0.986,True,0,0,0.55,1.5,3,False,train_in_sample,rf
2025-07-16 00:00:00,RES_EP_001,30.4,62.9,22.5,0.0,0.473,0,0.0,2025-07-16,0,normal,normal,none,24.0,0.0,24.0,0.473,0.473,0.0,0.0,40,green,offpeak,0.4586,synthetic_sample,none,False,normal: following plan,"plan: normal (cut 0.00, boost 0.00 kWh) | gate: next 24.00 C <= 26.0 C ok",normal,0.473,0.0,1.0,True,0,0,0.55,1.5,3,False,train_in_sample,rf
2025-07-16 01:00:00,RES_EP_001,28.4,65.5,21.3,0.0,0.384,0,0.0,2025-07-16,1,normal,normal,none,24.0,0.0,24.0,0.384,0.384,0.0,0.0,40,green,offpeak,0.3519,synthetic_sample,none,False,normal: following plan,"plan: normal (cut 0.00, boost 0.00 kWh) | gate: next 24.00 C <= 26.0 C ok",normal,0.384,0.0,1.0,True,0,0,0.55,1.5,3,False,train_in_sample,rf
2025-07-16 02:00:00,RES_EP_001,28.9,61.4,20.7,0.0,0.371,0,0.0,2025-07-16,2,normal,normal,none,24.0,0.0,24.0,0.371,0.371,0.0,0.0,40,green,offpeak,0.3563,synthetic_sample,none,False,normal: following plan,"plan: normal (cut 0.00, boost 0.00 kWh) | gate: next 24.00 C <= 26.0 C ok",normal,0.371,0.0,1.0,True,0,0,0.55,1.5,3,False,train_in_sample,rf
2025-07-16 03:00:00,RES_EP_001,29.7,54.8,19.6,0.0,0.825,0,0.0,2025-07-16,3,normal,normal,none,24.0,0.0,24.0,0.825,0.825,0.0,0.0,40,green,offpeak,0.558,synthetic_sample,none,False,normal: following plan,"plan: normal (cut 0.00, boost 0.00 kWh) | gate: next 24.00 C <= 26.0 C ok",normal,0.825,0.0,1.0,True,0,0,0.55,1.5,3,False,train_in_sample,rf
2025-07-16 04:00:00,RES_EP_001,29.2,56.5,19.6,0.0,0.06,0,0.0,2025-07-16,4,normal,normal,none,24.0,0.0,24.0,0.06,0.06,0.0,0.0,40,green,offpeak,0.2724,synthetic_sample,none,False,normal: following plan,"plan: normal (cut 0.00, boost 0.00 kWh) | gate: next 24.00 C <= 26.0 C ok",normal,0.06,0.0,1.0,True,0,0,0.55,1.5,3,False,train_in_sample,rf
2025-07-16 05:00:00,RES_EP_001,31.5,56.9,21.9,0.0,0.106,0,0.0,2025-07-16,5,normal,normal,none,24.0,0.0,24.0,0.106,0.106,0.0,0.0,40,green,offpeak,0.2889,synthetic_sample,none,False,normal: following plan,"plan: normal (cut 0.00, boost 0.00 kWh) | gate: next 24.00 C <= 26.0 C ok",normal,0.106,0.0,1.0,True,0,0,0.55,1.5,3,False,train_in_sample,rf
2025-07-16 06:00:00,RES_EP_001,32.8,56.0,22.8,170.7,0.719,0,0.0,2025-07-16,6,normal,normal,none,24.0,0.0,24.0,0.719,0.719,0.0,0.0,40,green,offpeak,0.5418,synthetic_sample,none,False,normal: following plan,"plan: normal (cut 0.00, boost 0.00 kWh) | gate: next 24.00 C <= 26.0 C ok",normal,0.719,0.0,1.0,True,0,0,0.55,1.5,3,False,train_in_sample,rf
2025-07-16 07:00:00,RES_EP_001,33.6,53.3,22.8,357.1,0.316,0,0.0,2025-07-16,7,normal,normal,none,24.0,0.0,24.0,0.316,0.316,0.0,0.0,40,green,offpeak,0.335,synthetic_sample,none,False,normal: following plan,"plan: normal (cut 0.00, boost 0.00 kWh) | gate: next 24.00 C <= 26.0 C ok",normal,0.316,0.0,1.0,True,0,0,0.55,1.5,3,False,train_in_sample,rf
2025-07-16 08:00:00,RES_EP_001,35.6,51.6,24.1,523.7,0.034,0,0.0,2025-07-16,8,normal,normal,none,24.0,0.0,24.0,0.034,0.034,0.0,0.0,40,green,offpeak,0.1318,synthetic_sample,none,True,normal: following plan,"plan: normal (cut 0.00, boost 0.00 kWh) | gate: next 24.00 C <= 26.0 C ok",normal,0.034,0.0,1.0,True,0,0,0.55,1.5,3,False,train_in_sample,rf
2025-07-16 09:00:00,RES_EP_001,37.5,55.1,26.9,685.4,0.974,0,0.0,2025-07-16,9,pre_cool,pre_cool,none,24.0,0.0,23.3882,0.974,2.474,0.0,-1.0,100,blue,offpeak,0.9676,synthetic_sample,none,True,pre_cool: following plan,"plan: pre_cool (cut 0.00, boost 1.50 kWh) | gate: next 23.39 C <= 26.0 C ok",pre_cool,2.474,0.0,1.0,True,0,1,0.55,1.5,3,False,train_in_sample,rf
2025-07-16 10:00:00,RES_EP_001,39.6,51.7,27.8,681.5,1.237,0,0.0,2025-07-16,10,pre_cool,pre_cool,none,23.3882,-0.6118,22.8873,1.237,2.737,0.0,-1.0,100,blue,offpeak,1.4282,synthetic_sample,none,True,pre_cool: following plan,"plan: pre_cool (cut 0.00, boost 1.50 kWh) | gate: next 22.89 C <= 26.0 C ok",pre_cool,2.737,0.0,1.0,True,0,1,0.55,1.5,3,False,train_in_sample,rf
2025-07-16 11:00:00,RES_EP_001,40.7,54.7,29.8,762.8,1.753,0,0.0,2025-07-16,11,pre_cool,pre_cool,none,22.8873,-1.1127,22.4772,1.753,3.253,0.0,-1.0,100,blue,offpeak,1.7689,synthetic_sample,none,True,pre_cool: following plan,"plan: pre_cool (cut 0.00, boost 1.50 kWh) | gate: next 22.48 C <= 26.0 C ok",pre_cool,3.253,0.0,1.0,True,0,1,0.55,1.5,3,False,train_in_sample,rf
2025-07-16 12:00:00,RES_EP_001,41.7,54.1,30.5,847.9,2.418,1,0.89,2025-07-16,12,peak_reduce,peak_reduce,none,22.4772,-1.5228,23.2957,2.418,1.0881,0.0,1.0,75,yellow,peak,2.3823,synthetic_sample,none,True,peak_reduce: following plan,"plan: peak_reduce (cut 0.55, boost 0.00 kWh) | gate: next 23.30 C <= 26.0 C ok",peak_reduce,1.0881,1.3299,1.0,True,1,0,0.55,1.5,3,False,train_in_sample,rf
2025-07-16 13:00:00,RES_EP_001,41.6,58.5,31.8,825.7,2.441,1,1.0,2025-07-16,13,peak_reduce,peak_reduce,none,23.2957,-0.7043,23.9709,2.441,1.0984,0.0,1.0,75,yellow,peak,2.4072,synthetic_sample,none,True,peak_reduce: following plan,"plan: peak_reduce (cut 0.55, boost 0.00 kWh) | gate: next 23.97 C <= 26.0 C ok",peak_reduce,1.0984,1.3426,1.0,True,1,0,0.55,1.5,3,False,train_in_sample,rf
2025-07-16 14:00:00,RES_EP_001,42.9,58.2,32.9,730.6,2.286,1,1.0,2025-07-16,14,peak_reduce,peak_reduce,none,23.9709,-0.0291,24.489,2.286,1.0287,0.0,1.0,75,yellow,peak,2.2791,synthetic_sample,none,True,peak_reduce: following plan,"plan: peak_reduce (cut 0.55, boost 0.00 kWh) | gate: next 24.49 C <= 26.0 C ok",peak_reduce,1.0287,1.2573,1.0,True,1,0,0.55,1.5,3,False,train_in_sample,rf
2025-07-16 15:00:00,RES_EP_001,43.1,61.6,34.1,612.2,2.429,1,1.0,2025-07-16,15,peak_reduce,peak_reduce,none,24.489,0.489,24.9452,2.429,1.093,0.0,1.0,75,yellow,peak,2.3342,synthetic_sample,none,True,peak_reduce: following plan,"plan: peak_reduce (cut 0.55, boost 0.00 kWh) | gate: next 24.95 C <= 26.0 C ok",peak_reduce,1.093,1.336,0.755,True,1,0,0.55,1.5,3,False,train_in_sample,rf
2025-07-16 16:00:00,RES_EP_001,41.5,61.4,32.5,463.1,1.896,1,1.0,2025-07-16,16,peak_reduce,peak_reduce,none,24.9452,0.9452,25.1992,1.896,0.8532,0.0,1.0,75,yellow,peak,2.0609,synthetic_sample,none,True,peak_reduce: following plan,"plan: peak_reduce (cut 0.55, boost 0.00 kWh) | gate: next 25.20 C <= 26.0 C ok",peak_reduce,0.8532,1.0428,0.527,True,1,0,0.55,1.5,3,False,train_in_sample,rf
2025-07-16 17:00:00,RES_EP_001,40.9,67.0,33.5,347.1,1.735,1,0.95,2025-07-16,17,peak_reduce,peak_reduce,none,25.1992,1.1992,25.371,1.735,0.7807,0.0,1.0,75,yellow,peak,1.7447,synthetic_sample,none,True,peak_reduce: following plan,"plan: peak_reduce (cut 0.55, boost 0.00 kWh) | gate: next 25.37 C <= 26.0 C ok",peak_reduce,0.7807,0.9543,0.4,True,1,0,0.55,1.5,3,False,train_in_sample,rf
2025-07-16 18:00:00,RES_EP_001,39.0,68.1,32.0,197.9,1.148,1,0.85,2025-07-16,18,peak_reduce,peak_reduce,none,25.371,1.371,25.38,1.148,0.5166,0.0,1.0,75,yellow,peak,1.4,synthetic_sample,none,True,peak_reduce: following plan,"plan: peak_reduce (cut 0.55, boost 0.00 kWh) | gate: next 25.38 C <= 26.0 C ok",peak_reduce,0.5166,0.6314,0.315,True,1,0,0.55,1.5,3,False,train_in_sample,rf
2025-07-16 19:00:00,RES_EP_001,36.5,68.0,29.6,0.0,0.644,0,0.05,2025-07-16,19,normal,normal,none,25.38,1.38,24.5045,0.644,2.1773,1.5333,0.0,40,green,offpeak,0.7762,synthetic_sample,none,True,recovery: restoring setpoint after the reduction window,"plan: normal (cut 0.00, boost 0.00 kWh) | recovery: indoor +1.38 C above setpoint, thermostat pulls back | gate: next 24.50 C <= 26.0 C ok",normal,2.1773,0.0,0.31,True,0,0,0.55,1.5,3,False,train_in_sample,rf
2025-07-16 20:00:00,RES_EP_001,35.7,67.8,28.8,0.0,0.0,0,0.0,2025-07-16,20,normal,normal,none,24.5045,0.5045,24.1844,0.0,0.5605,0.5605,0.0,40,green,offpeak,0.0326,synthetic_sample,none,True,recovery: restoring setpoint after the reduction window,"plan: normal (cut 0.00, boost 0.00 kWh) | recovery: indoor +0.50 C above setpoint, thermostat pulls back | gate: next 24.18 C <= 26.0 C ok",normal,0.5605,0.0,0.748,True,0,0,0.55,1.5,3,False,train_in_sample,rf
2025-07-16 21:00:00,RES_EP_001,33.9,69.0,27.4,0.0,0.46,0,0.0,2025-07-16,21,normal,normal,none,24.1844,0.1844,24.0674,0.46,0.6649,0.2049,0.0,40,green,offpeak,0.4286,synthetic_sample,none,True,recovery: restoring setpoint after the reduction window,"plan: normal (cut 0.00, boost 0.00 kWh) | recovery: indoor +0.18 C above setpoint, thermostat pulls back | gate: next 24.07 C <= 26.0 C ok",normal,0.6649,0.0,0.908,True,0,0,0.55,1.5,3,False,train_in_sample,rf
2025-07-16 22:00:00,RES_EP_001,32.0,69.1,25.6,0.0,0.607,0,0.0,2025-07-16,22,normal,normal,none,24.0674,0.0674,24.0246,0.607,0.6819,0.0749,0.0,40,green,offpeak,0.4452,synthetic_sample,none,True,recovery: restoring setpoint after the reduction window,"plan: normal (cut 0.00, boost 0.00 kWh) | recovery: indoor +0.07 C above setpoint, thermostat pulls back | gate: next 24.02 C <= 26.0 C ok",normal,0.6819,0.0,0.966,True,0,0,0.55,1.5,3,False,train_in_sample,rf
2025-07-16 23:00:00,RES_EP_001,30.8,63.2,23.0,0.0,0.081,0,0.0,2025-07-16,23,normal,normal,none,24.0246,0.0246,24.0202,0.081,0.081,0.0,0.0,40,green,offpeak,0.2731,synthetic_sample,none,False,normal: following plan,"plan: normal (cut 0.00, boost 0.00 kWh) | gate: next 24.02 C <= 26.0 C ok",normal,0.081,0.0,0.988,True,0,0,0.55,1.5,3,False,train_in_sample,rf
2025-07-17 00:00:00,RES_EP_001,29.5,59.5,20.8,0.0,0.745,0,0.0,2025-07-17,0,normal,normal,none,24.0,0.0,24.0,0.745,0.745,0.0,0.0,40,green,offpeak,0.5955,synthetic_sample,none,False,normal: following plan,"plan: normal (cut 0.00, boost 0.00 kWh) | gate: next 24.00 C <= 26.0 C ok",normal,0.745,0.0,1.0,True,0,0,0.6,1.5,3,True,train_in_sample,rf
2025-07-17 01:00:00,RES_EP_001,29.0,65.1,21.8,0.0,0.067,0,0.0,2025-07-17,1,normal,normal,none,24.0,0.0,24.0,0.067,0.067,0.0,0.0,40,green,offpeak,0.2154,synthetic_sample,none,False,normal: following plan,"plan: normal (cut 0.00, boost 0.00 kWh) | gate: next 24.00 C <= 26.0 C ok",normal,0.067,0.0,1.0,True,0,0,0.6,1.5,3,True,train_in_sample,rf
2025-07-17 02:00:00,RES_EP_001,27.9,63.4,20.3,0.0,0.387,0,0.0,2025-07-17,2,normal,normal,none,24.0,0.0,24.0,0.387,0.387,0.0,0.0,40,green,offpeak,0.3614,synthetic_sample,none,False,normal: following plan,"plan: normal (cut 0.00, boost 0.00 kWh) | gate: next 24.00 C <= 26.0 C ok",normal,0.387,0.0,1.0,True,0,0,0.6,1.5,3,True,train_in_sample,rf
2025-07-17 03:00:00,RES_EP_001,28.8,59.9,20.2,0.0,0.205,0,0.0,2025-07-17,3,normal,normal,none,24.0,0.0,24.0,0.205,0.205,0.0,0.0,40,green,offpeak,0.3445,synthetic_sample,none,False,normal: following plan,"plan: normal (cut 0.00, boost 0.00 kWh) | gate: next 24.00 C <= 26.0 C ok",normal,0.205,0.0,1.0,True,0,0,0.6,1.5,3,True,train_in_sample,rf
2025-07-17 04:00:00,RES_EP_001,29.8,57.9,20.6,0.0,0.0,0,0.0,2025-07-17,4,normal,normal,none,24.0,0.0,24.0,0.0,0.0,0.0,0.0,40,green,offpeak,0.2275,synthetic_sample,none,False,normal: following plan,"plan: normal (cut 0.00, boost 0.00 kWh) | gate: next 24.00 C <= 26.0 C ok",normal,0.0,0.0,1.0,True,0,0,0.6,1.5,3,True,train_in_sample,rf
2025-07-17 05:00:00,RES_EP_001,30.2,53.7,19.8,0.0,0.18,0,0.0,2025-07-17,5,normal,normal,none,24.0,0.0,24.0,0.18,0.18,0.0,0.0,40,green,offpeak,0.2764,synthetic_sample,none,False,normal: following plan,"plan: normal (cut 0.00, boost 0.00 kWh) | gate: next 24.00 C <= 26.0 C ok",normal,0.18,0.0,1.0,True,0,0,0.6,1.5,3,True,train_in_sample,rf
2025-07-17 06:00:00,RES_EP_001,30.8,54.8,20.6,192.4,0.455,0,0.0,2025-07-17,6,normal,normal,none,24.0,0.0,24.0,0.455,0.455,0.0,0.0,40,green,offpeak,0.4628,synthetic_sample,none,False,normal: following plan,"plan: normal (cut 0.00, boost 0.00 kWh) | gate: next 24.00 C <= 26.0 C ok",normal,0.455,0.0,1.0,True,0,0,0.6,1.5,3,True,train_in_sample,rf
2025-07-17 07:00:00,RES_EP_001,32.6,51.7,21.3,359.9,0.423,0,0.0,2025-07-17,7,normal,normal,none,24.0,0.0,24.0,0.423,0.423,0.0,0.0,40,green,offpeak,0.3875,synthetic_sample,none,False,normal: following plan,"plan: normal (cut 0.00, boost 0.00 kWh) | gate: next 24.00 C <= 26.0 C ok",normal,0.423,0.0,1.0,True,0,0,0.6,1.5,3,True,train_in_sample,rf
2025-07-17 08:00:00,RES_EP_001,35.7,51.4,24.1,516.7,0.225,0,0.0,2025-07-17,8,normal,normal,none,24.0,0.0,24.0,0.225,0.225,0.0,0.0,40,green,offpeak,0.1658,synthetic_sample,none,True,normal: following plan,"plan: normal (cut 0.00, boost 0.00 kWh) | gate: next 24.00 C <= 26.0 C ok",normal,0.225,0.0,1.0,True,0,0,0.6,1.5,3,True,train_in_sample,rf
2025-07-17 09:00:00,RES_EP_001,37.4,49.5,25.0,647.9,0.675,0,0.0,2025-07-17,9,pre_cool,pre_cool,none,24.0,0.0,23.3882,0.675,2.175,0.0,-1.0,100,blue,offpeak,0.9084,synthetic_sample,none,True,pre_cool: following plan,"plan: pre_cool (cut 0.00, boost 1.50 kWh) | gate: next 23.39 C <= 26.0 C ok",pre_cool,2.175,0.0,1.0,True,0,1,0.6,1.5,3,True,train_in_sample,rf
2025-07-17 10:00:00,RES_EP_001,39.4,49.9,27.0,807.4,1.473,0,0.0,2025-07-17,10,pre_cool,pre_cool,none,23.3882,-0.6118,22.8873,1.473,2.973,0.0,-1.0,100,blue,offpeak,1.3521,synthetic_sample,none,True,pre_cool: following plan,"plan: pre_cool (cut 0.00, boost 1.50 kWh) | gate: next 22.89 C <= 26.0 C ok",pre_cool,2.973,0.0,1.0,True,0,1,0.6,1.5,3,True,train_in_sample,rf
2025-07-17 11:00:00,RES_EP_001,41.1,56.0,30.5,848.0,1.86,0,0.01,2025-07-17,11,pre_cool,pre_cool,none,22.8873,-1.1127,22.4772,1.86,3.36,0.0,-1.0,100,blue,offpeak,1.8257,synthetic_sample,none,True,pre_cool: following plan,"plan: pre_cool (cut 0.00, boost 1.50 kWh) | gate: next 22.48 C <= 26.0 C ok",pre_cool,3.36,0.0,1.0,True,0,1,0.6,1.5,3,True,train_in_sample,rf
2025-07-17 12:00:00,RES_EP_001,40.7,56.7,30.4,761.4,2.179,1,0.92,2025-07-17,12,peak_reduce,peak_reduce,none,22.4772,-1.5228,23.2865,2.179,0.8716,0.0,1.0,75,yellow,peak,2.1734,synthetic_sample,none,True,peak_reduce: following plan,"plan: peak_reduce (cut 0.60, boost 0.00 kWh) | gate: next 23.29 C <= 26.0 C ok",peak_reduce,0.8716,1.3074,1.0,True,1,0,0.6,1.5,3,True,train_in_sample,rf
2025-07-17 13:00:00,RES_EP_001,42.3,58.7,32.5,769.2,2.166,1,1.0,2025-07-17,13,peak_reduce,peak_reduce,none,23.2865,-0.7135,23.9459,2.166,0.8664,0.0,1.0,75,yellow,peak,2.2357,synthetic_sample,none,True,peak_reduce: following plan,"plan: peak_reduce (cut 0.60, boost 0.00 kWh) | gate: next 23.95 C <= 26.0 C ok",peak_reduce,0.8664,1.2996,1.0,True,1,0,0.6,1.5,3,True,train_in_sample,rf
2025-07-17 14:00:00,RES_EP_001,41.8,59.3,32.2,684.2,2.394,1,1.0,2025-07-17,14,peak_reduce,peak_reduce,none,23.9459,-0.0541,24.5415,2.394,0.9576,0.0,1.0,75,yellow,peak,2.3641,synthetic_sample,none,True,peak_reduce: following plan,"plan: peak_reduce (cut 0.60, boost 0.00 kWh) | gate: next 24.54 C <= 26.0 C ok",peak_reduce,0.9576,1.4364,1.0,True,1,0,0.6,1.5,3,True,train_in_sample,rf
2025-07-17 15:00:00,RES_EP_001,41.0,64.8,33.0,692.9,2.062,1,1.0,2025-07-17,15,peak_reduce,peak_reduce,none,24.5415,0.5415,24.948,2.062,0.8248,0.0,1.0,75,yellow,peak,2.1472,synthetic_sample,none,True,peak_reduce: following plan,"plan: peak_reduce (cut 0.60, boost 0.00 kWh) | gate: next 24.95 C <= 26.0 C ok",peak_reduce,0.8248,1.2372,0.729,True,1,0,0.6,1.5,3,True,train_in_sample,rf
2025-07-17 16:00:00,RES_EP_001,42.3,62.0,33.5,481.1,2.13,1,1.0,2025-07-17,16,peak_reduce,peak_reduce,none,24.948,0.948,25.2974,2.13,0.852,0.0,1.0,75,yellow,peak,2.0246,synthetic_sample,none,True,peak_reduce: following plan,"plan: peak_reduce (cut 0.60, boost 0.00 kWh) | gate: next 25.30 C <= 26.0 C ok",peak_reduce,0.852,1.278,0.526,True,1,0,0.6,1.5,3,True,train_in_sample,rf
2025-07-17 17:00:00,RES_EP_001,40.7,70.0,34.1,336.0,1.529,1,0.97,2025-07-17,17,peak_reduce,peak_reduce,none,25.2974,1.2974,25.4364,1.529,0.6116,0.0,1.0,75,yellow,peak,1.625,synthetic_sample,none,True,peak_reduce: following plan,"plan: peak_reduce (cut 0.60, boost 0.00 kWh) | gate: next 25.44 C <= 26.0 C ok",peak_reduce,0.6116,0.9174,0.351,True,1,0,0.6,1.5,3,True,train_in_sample,rf
2025-07-17 18:00:00,RES_EP_001,40.1,63.9,31.9,197.2,1.233,1,0.78,2025-07-17,18,peak_reduce,peak_reduce,none,25.4364,1.4364,25.4777,1.233,0.4932,0.0,1.0,75,yellow,peak,1.2448,synthetic_sample,none,True,peak_reduce: following plan,"plan: peak_reduce (cut 0.60, boost 0.00 kWh) | gate: next 25.48 C <= 26.0 C ok",peak_reduce,0.4932,0.7398,0.282,True,1,0,0.6,1.5,3,True,train_in_sample,rf
2025-07-17 19:00:00,RES_EP_001,37.2,68.1,30.3,0.0,0.538,0,0.0,2025-07-17,19,normal,normal,none,25.4777,1.4777,24.5402,0.538,2.1799,1.6419,0.0,40,green,offpeak,0.5201,synthetic_sample,none,True,recovery: restoring setpoint after the reduction window,"plan: normal (cut 0.00, boost 0.00 kWh) | recovery: indoor +1.48 C above setpoint, thermostat pulls back | gate: next 24.54 C <= 26.0 C ok",normal,2.1799,0.0,0.261,True,0,0,0.6,1.5,3,True,train_in_sample,rf
2025-07-17 20:00:00,RES_EP_001,35.4,69.3,28.9,0.0,0.0,0,0.0,2025-07-17,20,normal,normal,none,24.5402,0.5402,24.1975,0.0,0.6002,0.6002,0.0,40,green,offpeak,0.0379,synthetic_sample,none,True,recovery: restoring setpoint after the reduction window,"plan: normal (cut 0.00, boost 0.00 kWh) | recovery: indoor +0.54 C above setpoint, thermostat pulls back | gate: next 24.20 C <= 26.0 C ok",normal,0.6002,0.0,0.73,True,0,0,0.6,1.5,3,True,train_in_sample,rf
2025-07-17 21:00:00,RES_EP_001,33.0,68.4,26.4,0.0,0.348,0,0.0,2025-07-17,21,normal,normal,none,24.1975,0.1975,24.0722,0.348,0.5674,0.2194,0.0,40,green,offpeak,0.3302,synthetic_sample,none,True,recovery: restoring setpoint after the reduction window,"plan: normal (cut 0.00, boost 0.00 kWh) | recovery: indoor +0.20 C above setpoint, thermostat pulls back | gate: next 24.07 C <= 26.0 C ok",normal,0.5674,0.0,0.901,True,0,0,0.6,1.5,3,True,train_in_sample,rf
2025-07-17 22:00:00,RES_EP_001,32.3,68.6,25.8,0.0,0.0,0,0.0,2025-07-17,22,normal,normal,none,24.0722,0.0722,24.0264,0.0,0.0802,0.0802,0.0,40,green,offpeak,0.1653,synthetic_sample,none,True,recovery: restoring setpoint after the reduction window,"plan: normal (cut 0.00, boost 0.00 kWh) | recovery: indoor +0.07 C above setpoint, thermostat pulls back | gate: next 24.03 C <= 26.0 C ok",normal,0.0802,0.0,0.964,True,0,0,0.6,1.5,3,True,train_in_sample,rf
2025-07-17 23:00:00,RES_EP_001,30.6,67.3,23.8,0.0,0.445,0,0.0,2025-07-17,23,normal,normal,none,24.0264,0.0264,24.0216,0.445,0.445,0.0,0.0,40,green,offpeak,0.3583,synthetic_sample,none,False,normal: following plan,"plan: normal (cut 0.00, boost 0.00 kWh) | gate: next 24.02 C <= 26.0 C ok",normal,0.445,0.0,0.987,True,0,0,0.6,1.5,3,True,train_in_sample,rf
2025-07-18 00:00:00,RES_EP_001,28.9,66.5,22.0,0.0,0.577,0,0.0,2025-07-18,0,normal,normal,none,24.0,0.0,24.0,0.577,0.577,0.0,0.0,40,green,offpeak,0.4954,synthetic_sample,none,False,normal: following plan,"plan: normal (cut 0.00, boost 0.00 kWh) | gate: next 24.00 C <= 26.0 C ok",normal,0.577,0.0,1.0,True,0,0,0.55,1.5,4,False,train_in_sample,rf
2025-07-18 01:00:00,RES_EP_001,28.3,61.6,20.2,0.0,0.598,0,0.0,2025-07-18,1,normal,normal,none,24.0,0.0,24.0,0.598,0.598,0.0,0.0,40,green,offpeak,0.4475,synthetic_sample,none,False,normal: following plan,"plan: normal (cut 0.00, boost 0.00 kWh) | gate: next 24.00 C <= 26.0 C ok",normal,0.598,0.0,1.0,True,0,0,0.55,1.5,4,False,train_in_sample,rf
2025-07-18 02:00:00,RES_EP_001,27.3,64.4,20.0,0.0,0.36,0,0.0,2025-07-18,2,normal,normal,none,24.0,0.0,24.0,0.36,0.36,0.0,0.0,40,green,offpeak,0.3952,synthetic_sample,none,False,normal: following plan,"plan: normal (cut 0.00, boost 0.00 kWh) | gate: next 24.00 C <= 26.0 C ok",normal,0.36,0.0,1.0,True,0,0,0.55,1.5,4,False,train_in_sample,rf
2025-07-18 03:00:00,RES_EP_001,27.8,60.9,19.5,0.0,0.341,0,0.0,2025-07-18,3,normal,normal,none,24.0,0.0,24.0,0.341,0.341,0.0,0.0,40,green,offpeak,0.385,synthetic_sample,none,False,normal: following plan,"plan: normal (cut 0.00, boost 0.00 kWh) | gate: next 24.00 C <= 26.0 C ok",normal,0.341,0.0,1.0,True,0,0,0.55,1.5,4,False,train_in_sample,rf
2025-07-18 04:00:00,RES_EP_001,29.1,56.0,19.4,0.0,0.435,0,0.0,2025-07-18,4,normal,normal,none,24.0,0.0,24.0,0.435,0.435,0.0,0.0,40,green,offpeak,0.3652,synthetic_sample,none,False,normal: following plan,"plan: normal (cut 0.00, boost 0.00 kWh) | gate: next 24.00 C <= 26.0 C ok",normal,0.435,0.0,1.0,True,0,0,0.55,1.5,4,False,train_in_sample,rf
2025-07-18 05:00:00,RES_EP_001,31.0,56.1,21.2,0.0,0.356,0,0.0,2025-07-18,5,normal,normal,none,24.0,0.0,24.0,0.356,0.356,0.0,0.0,40,green,offpeak,0.3888,synthetic_sample,none,False,normal: following plan,"plan: normal (cut 0.00, boost 0.00 kWh) | gate: next 24.00 C <= 26.0 C ok",normal,0.356,0.0,1.0,True,0,0,0.55,1.5,4,False,train_in_sample,rf
2025-07-18 06:00:00,RES_EP_001,30.7,56.7,21.1,190.0,0.515,0,0.0,2025-07-18,6,normal,normal,none,24.0,0.0,24.0,0.515,0.515,0.0,0.0,40,green,offpeak,0.4983,synthetic_sample,none,False,normal: following plan,"plan: normal (cut 0.00, boost 0.00 kWh) | gate: next 24.00 C <= 26.0 C ok",normal,0.515,0.0,1.0,True,0,0,0.55,1.5,4,False,train_in_sample,rf
2025-07-18 07:00:00,RES_EP_001,33.3,53.9,22.7,354.4,0.491,0,0.0,2025-07-18,7,normal,normal,none,24.0,0.0,24.0,0.491,0.491,0.0,0.0,40,green,offpeak,0.4251,synthetic_sample,none,False,normal: following plan,"plan: normal (cut 0.00, boost 0.00 kWh) | gate: next 24.00 C <= 26.0 C ok",normal,0.491,0.0,1.0,True,0,0,0.55,1.5,4,False,train_in_sample,rf
2025-07-18 08:00:00,RES_EP_001,34.8,55.6,24.6,570.1,0.193,0,0.0,2025-07-18,8,pre_cool,pre_cool,none,24.0,0.0,23.3882,0.193,1.693,0.0,-1.0,100,blue,offpeak,0.2173,synthetic_sample,none,True,pre_cool: following plan,"plan: pre_cool (cut 0.00, boost 1.50 kWh) | gate: next 23.39 C <= 26.0 C ok",pre_cool,1.693,0.0,1.0,True,0,1,0.55,1.5,4,False,train_in_sample,rf
2025-07-18 09:00:00,RES_EP_001,36.7,52.7,25.4,686.7,0.84,0,0.0,2025-07-18,9,pre_cool,pre_cool,none,23.3882,-0.6118,22.8873,0.84,2.34,0.0,-1.0,100,blue,offpeak,0.7242,synthetic_sample,none,True,pre_cool: following plan,"plan: pre_cool (cut 0.00, boost 1.50 kWh) | gate: next 22.89 C <= 26.0 C ok",pre_cool,2.34,0.0,1.0,True,0,1,0.55,1.5,4,False,train_in_sample,rf
2025-07-18 10:00:00,RES_EP_001,38.2,56.4,28.0,734.1,1.675,0,0.0,2025-07-18,10,pre_cool,pre_cool,none,22.8873,-1.1127,22.4772,1.675,3.175,0.0,-1.0,100,blue,offpeak,1.613,synthetic_sample,none,True,pre_cool: following plan,"plan: pre_cool (cut 0.00, boost 1.50 kWh) | gate: next 22.48 C <= 26.0 C ok",pre_cool,3.175,0.0,1.0,True,0,1,0.55,1.5,4,False,train_in_sample,rf
2025-07-18 11:00:00,RES_EP_001,39.7,51.4,27.8,834.3,2.007,0,0.03,2025-07-18,11,pre_cool,pre_cool,none,22.4772,-1.5228,22.1415,2.007,3.507,0.0,-1.0,100,blue,offpeak,1.8615,synthetic_sample,none,True,pre_cool: following plan,"plan: pre_cool (cut 0.00, boost 1.50 kWh) | gate: next 22.14 C <= 26.0 C ok",pre_cool,3.507,0.0,1.0,True,0,1,0.55,1.5,4,False,train_in_sample,rf
2025-07-18 12:00:00,RES_EP_001,41.2,54.1,30.0,856.7,2.634,1,0.96,2025-07-18,12,peak_reduce,peak_reduce,none,22.1415,-1.8585,23.0692,2.634,1.1853,0.0,1.0,75,yellow,peak,2.4571,synthetic_sample,none,True,peak_reduce: following plan,"plan: peak_reduce (cut 0.55, boost 0.00 kWh) | gate: next 23.07 C <= 26.0 C ok",peak_reduce,1.1853,1.4487,1.0,True,1,0,0.55,1.5,4,False,train_in_sample,rf
2025-07-18 13:00:00,RES_EP_001,42.1,63.4,33.7,771.3,2.271,1,1.0,2025-07-18,13,peak_reduce,peak_reduce,none,23.0692,-0.9308,23.7474,2.271,1.0219,0.0,1.0,75,yellow,peak,2.3188,synthetic_sample,none,True,peak_reduce: following plan,"plan: peak_reduce (cut 0.55, boost 0.00 kWh) | gate: next 23.75 C <= 26.0 C ok",peak_reduce,1.0219,1.2491,1.0,True,1,0,0.55,1.5,4,False,train_in_sample,rf
2025-07-18 14:00:00,RES_EP_001,41.8,57.0,31.5,746.8,2.322,1,1.0,2025-07-18,14,peak_reduce,peak_reduce,none,23.7474,-0.2526,24.3141,2.322,1.0449,0.0,1.0,75,yellow,peak,2.351,synthetic_sample,none,True,peak_reduce: following plan,"plan: peak_reduce (cut 0.55, boost 0.00 kWh) | gate: next 24.31 C <= 26.0 C ok",peak_reduce,1.0449,1.2771,1.0,True,1,0,0.55,1.5,4,False,train_in_sample,rf
2025-07-18 15:00:00,RES_EP_001,41.3,63.3,32.9,607.2,2.369,1,1.0,2025-07-18,15,peak_reduce,peak_reduce,none,24.3141,0.3141,24.7885,2.369,1.066,0.0,1.0,75,yellow,peak,2.3268,synthetic_sample,none,True,peak_reduce: following plan,"plan: peak_reduce (cut 0.55, boost 0.00 kWh) | gate: next 24.79 C <= 26.0 C ok",peak_reduce,1.066,1.303,0.843,True,1,0,0.55,1.5,4,False,train_in_sample,rf
2025-07-18 16:00:00,RES_EP_001,40.8,65.0,32.9,510.1,2.277,1,0.99,2025-07-18,16,peak_reduce,peak_reduce,none,24.7885,0.7885,25.1564,2.277,1.0247,0.0,1.0,75,yellow,peak,2.2043,synthetic_sample,none,True,peak_reduce: following plan,"plan: peak_reduce (cut 0.55, boost 0.00 kWh) | gate: next 25.16 C <= 26.0 C ok",peak_reduce,1.0247,1.2523,0.606,True,1,0,0.55,1.5,4,False,train_in_sample,rf
2025-07-18 17:00:00,RES_EP_001,40.1,64.8,32.2,386.8,2.136,1,0.99,2025-07-18,17,peak_reduce,peak_reduce,none,25.1564,1.1564,25.4259,2.136,0.9612,0.0,1.0,75,yellow,peak,1.9812,synthetic_sample,none,True,peak_reduce: following plan,"plan: peak_reduce (cut 0.55, boost 0.00 kWh) | gate: next 25.43 C <= 26.0 C ok",peak_reduce,0.9612,1.1748,0.422,True,1,0,0.55,1.5,4,False,train_in_sample,rf
2025-07-18 18:00:00,RES_EP_001,38.0,70.3,31.6,194.0,1.636,1,0.95,2025-07-18,18,peak_reduce,peak_reduce,none,25.4259,1.4259,25.5344,1.636,0.7362,0.0,1.0,75,yellow,peak,1.3361,synthetic_sample,none,True,peak_reduce: following plan,"plan: peak_reduce (cut 0.55, boost 0.00 kWh) | gate: next 25.53 C <= 26.0 C ok",peak_reduce,0.7362,0.8998,0.287,True,1,0,0.55,1.5,4,False,train_in_sample,rf
2025-07-18 19:00:00,RES_EP_001,36.8,69.0,30.2,0.0,0.806,0,0.09,2025-07-18,19,normal,normal,none,25.5344,1.5344,24.5609,0.806,2.5109,1.7049,0.0,40,green,offpeak,0.6822,synthetic_sample,none,True,recovery: restoring setpoint after the reduction window,"plan: normal (cut 0.00, boost 0.00 kWh) | recovery: indoor +1.53 C above setpoint, thermostat pulls back | gate: next 24.56 C <= 26.0 C ok",normal,2.5109,0.0,0.233,True,0,0,0.55,1.5,4,False,train_in_sample,rf
2025-07-18 20:00:00,RES_EP_001,35.5,71.1,29.4,0.0,0.0,0,0.0,2025-07-18,20,normal,normal,none,24.5609,0.5609,24.205,0.0,0.6232,0.6232,0.0,40,green,offpeak,0.0271,synthetic_sample,none,True,recovery: restoring setpoint after the reduction window,"plan: normal (cut 0.00, boost 0.00 kWh) | recovery: indoor +0.56 C above setpoint, thermostat pulls back | gate: next 24.21 C <= 26.0 C ok",normal,0.6232,0.0,0.72,True,0,0,0.55,1.5,4,False,train_in_sample,rf
2025-07-18 21:00:00,RES_EP_001,33.0,70.1,26.8,0.0,0.432,0,0.0,2025-07-18,21,normal,normal,none,24.205,0.205,24.075,0.432,0.6598,0.2278,0.0,40,green,offpeak,0.4074,synthetic_sample,none,True,recovery: restoring setpoint after the reduction window,"plan: normal (cut 0.00, boost 0.00 kWh) | recovery: indoor +0.21 C above setpoint, thermostat pulls back | gate: next 24.07 C <= 26.0 C ok",normal,0.6598,0.0,0.898,True,0,0,0.55,1.5,4,False,train_in_sample,rf
2025-07-18 22:00:00,RES_EP_001,31.2,68.1,24.6,0.0,0.113,0,0.0,2025-07-18,22,normal,normal,none,24.075,0.075,24.0274,0.113,0.1963,0.0833,0.0,40,green,offpeak,0.1899,synthetic_sample,none,True,recovery: restoring setpoint after the reduction window,"plan: normal (cut 0.00, boost 0.00 kWh) | recovery: indoor +0.07 C above setpoint, thermostat pulls back | gate: next 24.03 C <= 26.0 C ok",normal,0.1963,0.0,0.963,True,0,0,0.55,1.5,4,False,train_in_sample,rf
2025-07-18 23:00:00,RES_EP_001,29.5,65.5,22.3,0.0,0.413,0,0.0,2025-07-18,23,normal,normal,none,24.0274,0.0274,24.0224,0.413,0.413,0.0,0.0,40,green,offpeak,0.4134,synthetic_sample,none,False,normal: following plan,"plan: normal (cut 0.00, boost 0.00 kWh) | gate: next 24.02 C <= 26.0 C ok",normal,0.413,0.0,0.986,True,0,0,0.55,1.5,4,False,train_in_sample,rf
2025-07-19 00:00:00,RES_EP_001,28.2,66.4,21.3,0.0,0.224,0,0.0,2025-07-19,0,normal,normal,none,24.0,0.0,24.0,0.224,0.224,0.0,0.0,40,green,offpeak,0.3459,synthetic_sample,none,False,normal: following plan,"plan: normal (cut 0.00, boost 0.00 kWh) | gate: next 24.00 C <= 26.0 C ok",normal,0.224,0.0,1.0,True,0,0,0.55,1.5,4,False,train_in_sample,rf
2025-07-19 01:00:00,RES_EP_001,27.4,65.0,20.2,0.0,0.744,0,0.0,2025-07-19,1,normal,normal,none,24.0,0.0,24.0,0.744,0.744,0.0,0.0,40,green,offpeak,0.6032,synthetic_sample,none,False,normal: following plan,"plan: normal (cut 0.00, boost 0.00 kWh) | gate: next 24.00 C <= 26.0 C ok",normal,0.744,0.0,1.0,True,0,0,0.55,1.5,4,False,train_in_sample,rf
2025-07-19 02:00:00,RES_EP_001,27.2,60.9,19.0,0.0,0.593,0,0.0,2025-07-19,2,normal,normal,none,24.0,0.0,24.0,0.593,0.593,0.0,0.0,40,green,offpeak,0.527,synthetic_sample,none,False,normal: following plan,"plan: normal (cut 0.00, boost 0.00 kWh) | gate: next 24.00 C <= 26.0 C ok",normal,0.593,0.0,1.0,True,0,0,0.55,1.5,4,False,train_in_sample,rf
2025-07-19 03:00:00,RES_EP_001,27.3,62.7,19.5,0.0,0.349,0,0.0,2025-07-19,3,normal,normal,none,24.0,0.0,24.0,0.349,0.349,0.0,0.0,40,green,offpeak,0.4068,synthetic_sample,none,False,normal: following plan,"plan: normal (cut 0.00, boost 0.00 kWh) | gate: next 24.00 C <= 26.0 C ok",normal,0.349,0.0,1.0,True,0,0,0.55,1.5,4,False,train_in_sample,rf
2025-07-19 04:00:00,RES_EP_001,27.4,60.4,19.0,0.0,0.692,0,0.0,2025-07-19,4,normal,normal,none,24.0,0.0,24.0,0.692,0.692,0.0,0.0,40,green,offpeak,0.6036,synthetic_sample,none,False,normal: following plan,"plan: normal (cut 0.00, boost 0.00 kWh) | gate: next 24.00 C <= 26.0 C ok",normal,0.692,0.0,1.0,True,0,0,0.55,1.5,4,False,train_in_sample,rf
2025-07-19 05:00:00,RES_EP_001,28.8,57.8,19.6,0.0,0.311,0,0.0,2025-07-19,5,normal,normal,none,24.0,0.0,24.0,0.311,0.311,0.0,0.0,40,green,offpeak,0.4211,synthetic_sample,none,False,normal: following plan,"plan: normal (cut 0.00, boost 0.00 kWh) | gate: next 24.00 C <= 26.0 C ok",normal,0.311,0.0,1.0,True,0,0,0.55,1.5,4,False,train_in_sample,rf
2025-07-19 06:00:00,RES_EP_001,30.7,55.8,20.8,167.3,0.85,0,0.0,2025-07-19,6,normal,normal,none,24.0,0.0,24.0,0.85,0.85,0.0,0.0,40,green,offpeak,0.6686,synthetic_sample,none,False,normal: following plan,"plan: normal (cut 0.00, boost 0.00 kWh) | gate: next 24.00 C <= 26.0 C ok",normal,0.85,0.0,1.0,True,0,0,0.55,1.5,4,False,train_in_sample,rf
2025-07-19 07:00:00,RES_EP_001,33.4,52.8,22.4,320.6,0.0,0,0.0,2025-07-19,7,normal,normal,none,24.0,0.0,24.0,0.0,0.0,0.0,0.0,40,green,offpeak,0.2541,synthetic_sample,none,False,normal: following plan,"plan: normal (cut 0.00, boost 0.00 kWh) | gate: next 24.00 C <= 26.0 C ok",normal,0.0,0.0,1.0,True,0,0,0.55,1.5,4,False,train_in_sample,rf
2025-07-19 08:00:00,RES_EP_001,34.3,54.7,23.8,536.5,0.0,0,0.0,2025-07-19,8,pre_cool,pre_cool,none,24.0,0.0,23.3882,0.0,1.5,0.0,-1.0,100,blue,offpeak,0.0967,synthetic_sample,none,False,pre_cool: following plan,"plan: pre_cool (cut 0.00, boost 1.50 kWh) | gate: next 23.39 C <= 26.0 C ok",pre_cool,1.5,0.0,1.0,True,0,1,0.55,1.5,4,False,train_in_sample,rf
2025-07-19 09:00:00,RES_EP_001,35.5,53.5,24.6,609.6,1.322,0,0.0,2025-07-19,9,pre_cool,pre_cool,none,23.3882,-0.6118,22.8873,1.322,2.822,0.0,-1.0,100,blue,offpeak,1.0812,synthetic_sample,none,True,pre_cool: following plan,"plan: pre_cool (cut 0.00, boost 1.50 kWh) | gate: next 22.89 C <= 26.0 C ok",pre_cool,2.822,0.0,1.0,True,0,1,0.55,1.5,4,False,train_in_sample,rf
2025-07-19 10:00:00,RES_EP_001,38.3,52.5,26.8,759.4,1.551,0,0.0,2025-07-19,10,pre_cool,pre_cool,none,22.8873,-1.1127,22.4772,1.551,3.051,0.0,-1.0,100,blue,offpeak,1.5265,synthetic_sample,none,True,pre_cool: following plan,"plan: pre_cool (cut 0.00, boost 1.50 kWh) | gate: next 22.48 C <= 26.0 C ok",pre_cool,3.051,0.0,1.0,True,0,1,0.55,1.5,4,False,train_in_sample,rf
2025-07-19 11:00:00,RES_EP_001,39.6,55.5,29.0,838.1,1.95,0,0.13,2025-07-19,11,pre_cool,pre_cool,none,22.4772,-1.5228,22.1415,1.95,3.45,0.0,-1.0,100,blue,offpeak,1.9337,synthetic_sample,none,True,pre_cool: following plan,"plan: pre_cool (cut 0.00, boost 1.50 kWh) | gate: next 22.14 C <= 26.0 C ok",pre_cool,3.45,0.0,1.0,True,0,1,0.55,1.5,4,False,train_in_sample,rf
2025-07-19 12:00:00,RES_EP_001,40.5,57.1,30.3,832.5,2.148,1,0.96,2025-07-19,12,peak_reduce,peak_reduce,none,22.1415,-1.8585,22.9602,2.148,0.9666,0.0,1.0,75,yellow,peak,2.2841,synthetic_sample,none,True,peak_reduce: following plan,"plan: peak_reduce (cut 0.55, boost 0.00 kWh) | gate: next 22.96 C <= 26.0 C ok",peak_reduce,0.9666,1.1814,1.0,True,1,0,0.55,1.5,4,False,train_in_sample,rf
2025-07-19 13:00:00,RES_EP_001,41.0,58.2,31.1,817.5,2.416,1,1.0,2025-07-19,13,peak_reduce,peak_reduce,none,22.9602,-1.0398,23.6907,2.416,1.0872,0.0,1.0,75,yellow,peak,2.4504,synthetic_sample,none,True,peak_reduce: following plan,"plan: peak_reduce (cut 0.55, boost 0.00 kWh) | gate: next 23.69 C <= 26.0 C ok",peak_reduce,1.0872,1.3288,1.0,True,1,0,0.55,1.5,4,False,train_in_sample,rf
2025-07-19 14:00:00,RES_EP_001,40.8,61.9,32.0,766.1,2.606,1,1.0,2025-07-19,14,peak_reduce,peak_reduce,none,23.6907,-0.3093,24.3313,2.606,1.1727,0.0,1.0,75,yellow,peak,2.5221,synthetic_sample,none,True,peak_reduce: following plan,"plan: peak_reduce (cut 0.55, boost 0.00 kWh) | gate: next 24.33 C <= 26.0 C ok",peak_reduce,1.1727,1.4333,1.0,True,1,0,0.55,1.5,4,False,train_in_sample,rf
2025-07-19 15:00:00,RES_EP_001,42.0,60.4,32.7,723.2,2.717,1,1.0,2025-07-19,15,peak_reduce,peak_reduce,none,24.3313,0.3313,24.8807,2.717,1.2227,0.0,1.0,75,yellow,peak,2.5405,synthetic_sample,none,True,peak_reduce: following plan,"plan: peak_reduce (cut 0.55, boost 0.00 kWh) | gate: next 24.88 C <= 26.0 C ok",peak_reduce,1.2227,1.4943,0.834,True,1,0,0.55,1.5,4,False,train_in_sample,rf
2025-07-19 16:00:00,RES_EP_001,40.3,66.4,32.8,513.2,2.012,1,0.99,2025-07-19,16,peak_reduce,peak_reduce,none,24.8807,0.8807,25.1724,2.012,0.9054,0.0,1.0,75,yellow,peak,2.1226,synthetic_sample,none,True,peak_reduce: following plan,"plan: peak_reduce (cut 0.55, boost 0.00 kWh) | gate: next 25.17 C <= 26.0 C ok",peak_reduce,0.9054,1.1066,0.56,True,1,0,0.55,1.5,4,False,train_in_sample,rf
2025-07-19 17:00:00,RES_EP_001,39.2,67.6,32.1,325.9,1.892,1,0.99,2025-07-19,17,peak_reduce,peak_reduce,none,25.1724,1.1724,25.3843,1.892,0.8514,0.0,1.0,75,yellow,peak,2.0242,synthetic_sample,none,True,peak_reduce: following plan,"plan: peak_reduce (cut 0.55, boost 0.00 kWh) | gate: next 25.38 C <= 26.0 C ok",peak_reduce,0.8514,1.0406,0.414,True,1,0,0.55,1.5,4,False,train_in_sample,rf
2025-07-19 18:00:00,RES_EP_001,37.1,69.7,30.6,183.7,1.504,1,0.94,2025-07-19,18,peak_reduce,peak_reduce,none,25.3843,1.3843,25.4708,1.504,0.6768,0.0,1.0,75,yellow,peak,1.4642,synthetic_sample,none,True,peak_reduce: following plan,"plan: peak_reduce (cut 0.55, boost 0.00 kWh) | gate: next 25.47 C <= 26.0 C ok",peak_reduce,0.6768,0.8272,0.308,True,1,0,0.55,1.5,4,False,train_in_sample,rf
2025-07-19 19:00:00,RES_EP_001,36.1,72.5,30.4,0.0,0.695,0,0.01,2025-07-19,19,normal,normal,none,25.4708,1.4708,24.5376,0.695,2.3292,1.6342,0.0,40,green,offpeak,0.6528,synthetic_sample,none,True,recovery: restoring setpoint after the reduction window,"plan: normal (cut 0.00, boost 0.00 kWh) | recovery: indoor +1.47 C above setpoint, thermostat pulls back | gate: next 24.54 C <= 26.0 C ok",normal,2.3292,0.0,0.265,True,0,0,0.55,1.5,4,False,train_in_sample,rf
2025-07-19 20:00:00,RES_EP_001,33.7,70.2,27.5,0.0,0.0,0,0.0,2025-07-19,20,normal,normal,none,24.5376,0.5376,24.1965,0.0,0.5974,0.5974,0.0,40,green,offpeak,0.0403,synthetic_sample,none,True,recovery: restoring setpoint after the reduction window,"plan: normal (cut 0.00, boost 0.00 kWh) | recovery: indoor +0.54 C above setpoint, thermostat pulls back | gate: next 24.20 C <= 26.0 C ok",normal,0.5974,0.0,0.731,True,0,0,0.55,1.5,4,False,train_in_sample,rf
2025-07-19 21:00:00,RES_EP_001,31.8,71.6,26.0,0.0,0.127,0,0.0,2025-07-19,21,normal,normal,none,24.1965,0.1965,24.0718,0.127,0.3454,0.2184,0.0,40,green,offpeak,0.2558,synthetic_sample,none,True,recovery: restoring setpoint after the reduction window,"plan: normal (cut 0.00, boost 0.00 kWh) | recovery: indoor +0.20 C above setpoint, thermostat pulls back | gate: next 24.07 C <= 26.0 C ok",normal,0.3454,0.0,0.902,True,0,0,0.55,1.5,4,False,train_in_sample,rf
2025-07-19 22:00:00,RES_EP_001,31.1,69.2,24.8,0.0,0.0,0,0.0,2025-07-19,22,normal,normal,none,24.0718,0.0718,24.0263,0.0,0.0798,0.0798,0.0,40,green,offpeak,0.2121,synthetic_sample,none,True,recovery: restoring setpoint after the reduction window,"plan: normal (cut 0.00, boost 0.00 kWh) | recovery: indoor +0.07 C above setpoint, thermostat pulls back | gate: next 24.03 C <= 26.0 C ok",normal,0.0798,0.0,0.964,True,0,0,0.55,1.5,4,False,train_in_sample,rf
2025-07-19 23:00:00,RES_EP_001,29.8,65.2,22.5,0.0,0.703,0,0.0,2025-07-19,23,normal,normal,none,24.0263,0.0263,24.0215,0.703,0.703,0.0,0.0,40,green,offpeak,0.5362,synthetic_sample,none,False,normal: following plan,"plan: normal (cut 0.00, boost 0.00 kWh) | gate: next 24.02 C <= 26.0 C ok",normal,0.703,0.0,0.987,True,0,0,0.55,1.5,4,False,train_in_sample,rf
2025-07-20 00:00:00,RES_EP_001,28.3,67.9,21.8,0.0,0.125,0,0.0,2025-07-20,0,normal,normal,none,24.0,0.0,24.0,0.125,0.125,0.0,0.0,40,green,offpeak,0.2843,synthetic_sample,none,False,normal: following plan,"plan: normal (cut 0.00, boost 0.00 kWh) | gate: next 24.00 C <= 26.0 C ok",normal,0.125,0.0,1.0,True,0,0,0.55,1.5,3,False,train_in_sample,rf
2025-07-20 01:00:00,RES_EP_001,26.8,64.2,19.5,0.0,0.553,0,0.0,2025-07-20,1,normal,normal,none,24.0,0.0,24.0,0.553,0.553,0.0,0.0,40,green,offpeak,0.5443,synthetic_sample,none,False,normal: following plan,"plan: normal (cut 0.00, boost 0.00 kWh) | gate: next 24.00 C <= 26.0 C ok",normal,0.553,0.0,1.0,True,0,0,0.55,1.5,3,False,train_in_sample,rf
2025-07-20 02:00:00,RES_EP_001,26.4,62.2,18.6,0.0,0.274,0,0.0,2025-07-20,2,normal,normal,none,24.0,0.0,24.0,0.274,0.274,0.0,0.0,40,green,offpeak,0.4581,synthetic_sample,none,False,normal: following plan,"plan: normal (cut 0.00, boost 0.00 kWh) | gate: next 24.00 C <= 26.0 C ok",normal,0.274,0.0,1.0,True,0,0,0.55,1.5,3,False,train_in_sample,rf
2025-07-20 03:00:00,RES_EP_001,27.4,58.7,18.6,0.0,0.631,0,0.0,2025-07-20,3,normal,normal,none,24.0,0.0,24.0,0.631,0.631,0.0,0.0,40,green,offpeak,0.563,synthetic_sample,none,False,normal: following plan,"plan: normal (cut 0.00, boost 0.00 kWh) | gate: next 24.00 C <= 26.0 C ok",normal,0.631,0.0,1.0,True,0,0,0.55,1.5,3,False,train_in_sample,rf
2025-07-20 04:00:00,RES_EP_001,27.0,60.9,18.8,0.0,0.712,0,0.0,2025-07-20,4,normal,normal,none,24.0,0.0,24.0,0.712,0.712,0.0,0.0,40,green,offpeak,0.6149,synthetic_sample,none,False,normal: following plan,"plan: normal (cut 0.00, boost 0.00 kWh) | gate: next 24.00 C <= 26.0 C ok",normal,0.712,0.0,1.0,True,0,0,0.55,1.5,3,False,train_in_sample,rf
2025-07-20 05:00:00,RES_EP_001,29.7,56.8,20.2,0.0,0.631,0,0.0,2025-07-20,5,normal,normal,none,24.0,0.0,24.0,0.631,0.631,0.0,0.0,40,green,offpeak,0.6084,synthetic_sample,none,False,normal: following plan,"plan: normal (cut 0.00, boost 0.00 kWh) | gate: next 24.00 C <= 26.0 C ok",normal,0.631,0.0,1.0,True,0,0,0.55,1.5,3,False,train_in_sample,rf
2025-07-20 06:00:00,RES_EP_001,30.5,54.9,20.4,172.2,0.802,0,0.0,2025-07-20,6,normal,normal,none,24.0,0.0,24.0,0.802,0.802,0.0,0.0,40,green,offpeak,0.7213,synthetic_sample,none,False,normal: following plan,"plan: normal (cut 0.00, boost 0.00 kWh) | gate: next 24.00 C <= 26.0 C ok",normal,0.802,0.0,1.0,True,0,0,0.55,1.5,3,False,train_in_sample,rf
2025-07-20 07:00:00,RES_EP_001,31.6,56.3,21.8,366.4,0.504,0,0.0,2025-07-20,7,normal,normal,none,24.0,0.0,24.0,0.504,0.504,0.0,0.0,40,green,offpeak,0.4003,synthetic_sample,none,False,normal: following plan,"plan: normal (cut 0.00, boost 0.00 kWh) | gate: next 24.00 C <= 26.0 C ok",normal,0.504,0.0,1.0,True,0,0,0.55,1.5,3,False,train_in_sample,rf
2025-07-20 08:00:00,RES_EP_001,33.9,49.8,21.9,514.5,0.21,0,0.0,2025-07-20,8,normal,normal,none,24.0,0.0,24.0,0.21,0.21,0.0,0.0,40,green,offpeak,0.192,synthetic_sample,none,False,normal: following plan,"plan: normal (cut 0.00, boost 0.00 kWh) | gate: next 24.00 C <= 26.0 C ok",normal,0.21,0.0,1.0,True,0,0,0.55,1.5,3,False,train_in_sample,rf
2025-07-20 09:00:00,RES_EP_001,35.9,52.1,24.5,694.7,1.134,0,0.0,2025-07-20,9,pre_cool,pre_cool,none,24.0,0.0,23.3882,1.134,2.634,0.0,-1.0,100,blue,offpeak,1.1542,synthetic_sample,none,True,pre_cool: following plan,"plan: pre_cool (cut 0.00, boost 1.50 kWh) | gate: next 23.39 C <= 26.0 C ok",pre_cool,2.634,0.0,1.0,True,0,1,0.55,1.5,3,False,train_in_sample,rf
2025-07-20 10:00:00,RES_EP_001,38.2,56.3,27.9,801.8,1.719,0,0.0,2025-07-20,10,pre_cool,pre_cool,none,23.3882,-0.6118,22.8873,1.719,3.219,0.0,-1.0,100,blue,offpeak,1.6212,synthetic_sample,none,True,pre_cool: following plan,"plan: pre_cool (cut 0.00, boost 1.50 kWh) | gate: next 22.89 C <= 26.0 C ok",pre_cool,3.219,0.0,1.0,True,0,1,0.55,1.5,3,False,train_in_sample,rf
2025-07-20 11:00:00,RES_EP_001,38.9,55.8,28.4,823.9,2.03,0,0.08,2025-07-20,11,pre_cool,pre_cool,none,22.8873,-1.1127,22.4772,2.03,3.53,0.0,-1.0,100,blue,offpeak,1.9026,synthetic_sample,none,True,pre_cool: following plan,"plan: pre_cool (cut 0.00, boost 1.50 kWh) | gate: next 22.48 C <= 26.0 C ok",pre_cool,3.53,0.0,1.0,True,0,1,0.55,1.5,3,False,train_in_sample,rf
2025-07-20 12:00:00,RES_EP_001,40.5,59.0,30.9,886.1,2.537,1,0.99,2025-07-20,12,peak_reduce,peak_reduce,none,22.4772,-1.5228,23.3224,2.537,1.1416,0.0,1.0,75,yellow,peak,2.4475,synthetic_sample,none,True,peak_reduce: following plan,"plan: peak_reduce (cut 0.55, boost 0.00 kWh) | gate: next 23.32 C <= 26.0 C ok",peak_reduce,1.1416,1.3954,1.0,True,1,0,0.55,1.5,3,False,train_in_sample,rf
2025-07-20 13:00:00,RES_EP_001,40.7,58.9,31.1,751.2,2.52,1,1.0,2025-07-20,13,peak_reduce,peak_reduce,none,23.3224,-0.6776,24.0105,2.52,1.134,0.0,1.0,75,yellow,peak,2.4522,synthetic_sample,none,True,peak_reduce: following plan,"plan: peak_reduce (cut 0.55, boost 0.00 kWh) | gate: next 24.01 C <= 26.0 C ok",peak_reduce,1.134,1.386,1.0,True,1,0,0.55,1.5,3,False,train_in_sample,rf
2025-07-20 14:00:00,RES_EP_001,40.8,61.4,31.9,787.2,2.523,1,1.0,2025-07-20,14,peak_reduce,peak_reduce,none,24.0105,0.0105,24.5746,2.523,1.1353,0.0,1.0,75,yellow,peak,2.4994,synthetic_sample,none,True,peak_reduce: following plan,"plan: peak_reduce (cut 0.55, boost 0.00 kWh) | gate: next 24.57 C <= 26.0 C ok",peak_reduce,1.1353,1.3877,0.995,True,1,0,0.55,1.5,3,False,train_in_sample,rf
2025-07-20 15:00:00,RES_EP_001,41.2,60.8,32.1,632.0,2.497,1,1.0,2025-07-20,15,peak_reduce,peak_reduce,none,24.5746,0.5746,25.0305,2.497,1.1236,0.0,1.0,75,yellow,peak,2.4849,synthetic_sample,none,True,peak_reduce: following plan,"plan: peak_reduce (cut 0.55, boost 0.00 kWh) | gate: next 25.03 C <= 26.0 C ok",peak_reduce,1.1236,1.3734,0.713,True,1,0,0.55,1.5,3,False,train_in_sample,rf
2025-07-20 16:00:00,RES_EP_001,39.3,64.9,31.4,517.3,2.001,1,1.0,2025-07-20,16,peak_reduce,peak_reduce,none,25.0305,1.0305,25.2926,2.001,0.9004,0.0,1.0,75,yellow,peak,1.9471,synthetic_sample,none,True,peak_reduce: following plan,"plan: peak_reduce (cut 0.55, boost 0.00 kWh) | gate: next 25.29 C <= 26.0 C ok",peak_reduce,0.9004,1.1006,0.485,True,1,0,0.55,1.5,3,False,train_in_sample,rf
2025-07-20 17:00:00,RES_EP_001,38.9,68.5,32.0,375.5,2.123,1,0.97,2025-07-20,17,peak_reduce,peak_reduce,none,25.2926,1.2926,25.5345,2.123,0.9554,0.0,1.0,75,yellow,peak,1.8696,synthetic_sample,none,True,peak_reduce: following plan,"plan: peak_reduce (cut 0.55, boost 0.00 kWh) | gate: next 25.53 C <= 26.0 C ok",peak_reduce,0.9554,1.1676,0.354,True,1,0,0.55,1.5,3,False,train_in_sample,rf
2025-07-20 18:00:00,RES_EP_001,37.3,72.0,31.4,175.4,1.099,1,0.95,2025-07-20,18,peak_reduce,peak_reduce,none,25.5345,1.5345,25.5029,1.099,0.4945,0.0,1.0,75,yellow,peak,1.3185,synthetic_sample,none,True,peak_reduce: following plan,"plan: peak_reduce (cut 0.55, boost 0.00 kWh) | gate: next 25.50 C <= 26.0 C ok",peak_reduce,0.4945,0.6045,0.233,True,1,0,0.55,1.5,3,False,train_in_sample,rf
2025-07-20 19:00:00,RES_EP_001,35.5,71.3,29.5,0.0,0.687,0,0.01,2025-07-20,19,normal,normal,none,25.5029,1.5029,24.5494,0.687,2.3569,1.6699,0.0,40,green,offpeak,0.6314,synthetic_sample,none,True,recovery: restoring setpoint after the reduction window,"plan: normal (cut 0.00, boost 0.00 kWh) | recovery: indoor +1.50 C above setpoint, thermostat pulls back | gate: next 24.55 C <= 26.0 C ok",normal,2.3569,0.0,0.249,True,0,0,0.55,1.5,3,False,train_in_sample,rf
2025-07-20 20:00:00,RES_EP_001,34.5,67.1,27.5,0.0,0.0,0,0.0,2025-07-20,20,normal,normal,none,24.5494,0.5494,24.2008,0.0,0.6104,0.6104,0.0,40,green,offpeak,0.0376,synthetic_sample,none,True,recovery: restoring setpoint after the reduction window,"plan: normal (cut 0.00, boost 0.00 kWh) | recovery: indoor +0.55 C above setpoint, thermostat pulls back | gate: next 24.20 C <= 26.0 C ok",normal,0.6104,0.0,0.725,True,0,0,0.55,1.5,3,False,train_in_sample,rf
2025-07-20 21:00:00,RES_EP_001,33.3,75.7,28.4,0.0,0.413,0,0.0,2025-07-20,21,normal,normal,none,24.2008,0.2008,24.0734,0.413,0.6361,0.2231,0.0,40,green,offpeak,0.3626,synthetic_sample,none,True,recovery: restoring setpoint after the reduction window,"plan: normal (cut 0.00, boost 0.00 kWh) | recovery: indoor +0.20 C above setpoint, thermostat pulls back | gate: next 24.07 C <= 26.0 C ok",normal,0.6361,0.0,0.9,True,0,0,0.55,1.5,3,False,train_in_sample,rf
2025-07-20 22:00:00,RES_EP_001,30.5,73.2,25.1,0.0,0.361,0,0.0,2025-07-20,22,normal,normal,none,24.0734,0.0734,24.0268,0.361,0.4426,0.0816,0.0,40,green,offpeak,0.3122,synthetic_sample,none,True,recovery: restoring setpoint after the reduction window,"plan: normal (cut 0.00, boost 0.00 kWh) | recovery: indoor +0.07 C above setpoint, thermostat pulls back | gate: next 24.03 C <= 26.0 C ok",normal,0.4426,0.0,0.963,True,0,0,0.55,1.5,3,False,train_in_sample,rf
2025-07-20 23:00:00,RES_EP_001,29.6,66.7,22.7,0.0,0.251,0,0.0,2025-07-20,23,normal,normal,none,24.0268,0.0268,24.022,0.251,0.251,0.0,0.0,40,green,offpeak,0.3338,synthetic_sample,none,False,normal: following plan,"plan: normal (cut 0.00, boost 0.00 kWh) | gate: next 24.02 C <= 26.0 C ok",normal,0.251,0.0,0.987,True,0,0,0.55,1.5,3,False,train_in_sample,rf
2025-07-21 00:00:00,RES_EP_001,27.7,67.4,21.1,0.0,0.399,0,0.0,2025-07-21,0,normal,normal,none,24.0,0.0,24.0,0.399,0.399,0.0,0.0,40,green,offpeak,0.4063,synthetic_sample,none,False,normal: following plan,"plan: normal (cut 0.00, boost 0.00 kWh) | gate: next 24.00 C <= 26.0 C ok",normal,0.399,0.0,1.0,True,0,0,0.6,1.5,2,True,train_in_sample,rf
2025-07-21 01:00:00,RES_EP_001,26.9,63.5,19.4,0.0,0.578,0,0.0,2025-07-21,1,normal,normal,none,24.0,0.0,24.0,0.578,0.578,0.0,0.0,40,green,offpeak,0.5047,synthetic_sample,none,False,normal: following plan,"plan: normal (cut 0.00, boost 0.00 kWh) | gate: next 24.00 C <= 26.0 C ok",normal,0.578,0.0,1.0,True,0,0,0.6,1.5,2,True,train_in_sample,rf
2025-07-21 02:00:00,RES_EP_001,27.4,65.1,20.2,0.0,0.097,0,0.0,2025-07-21,2,normal,normal,none,24.0,0.0,24.0,0.097,0.097,0.0,0.0,40,green,offpeak,0.2534,synthetic_sample,none,False,normal: following plan,"plan: normal (cut 0.00, boost 0.00 kWh) | gate: next 24.00 C <= 26.0 C ok",normal,0.097,0.0,1.0,True,0,0,0.6,1.5,2,True,train_in_sample,rf
2025-07-21 03:00:00,RES_EP_001,27.5,60.9,19.3,0.0,0.222,0,0.0,2025-07-21,3,normal,normal,none,24.0,0.0,24.0,0.222,0.222,0.0,0.0,40,green,offpeak,0.3243,synthetic_sample,none,False,normal: following plan,"plan: normal (cut 0.00, boost 0.00 kWh) | gate: next 24.00 C <= 26.0 C ok",normal,0.222,0.0,1.0,True,0,0,0.6,1.5,2,True,train_in_sample,rf
2025-07-21 04:00:00,RES_EP_001,28.4,59.4,19.7,0.0,0.265,0,0.0,2025-07-21,4,normal,normal,none,24.0,0.0,24.0,0.265,0.265,0.0,0.0,40,green,offpeak,0.3166,synthetic_sample,none,False,normal: following plan,"plan: normal (cut 0.00, boost 0.00 kWh) | gate: next 24.00 C <= 26.0 C ok",normal,0.265,0.0,1.0,True,0,0,0.6,1.5,2,True,train_in_sample,rf
2025-07-21 05:00:00,RES_EP_001,29.6,60.4,21.1,0.0,0.725,0,0.0,2025-07-21,5,normal,normal,none,24.0,0.0,24.0,0.725,0.725,0.0,0.0,40,green,offpeak,0.5233,synthetic_sample,none,False,normal: following plan,"plan: normal (cut 0.00, boost 0.00 kWh) | gate: next 24.00 C <= 26.0 C ok",normal,0.725,0.0,1.0,True,0,0,0.6,1.5,2,True,train_in_sample,rf
2025-07-21 06:00:00,RES_EP_001,30.4,57.6,21.1,174.0,0.54,0,0.0,2025-07-21,6,normal,normal,none,24.0,0.0,24.0,0.54,0.54,0.0,0.0,40,green,offpeak,0.5393,synthetic_sample,none,False,normal: following plan,"plan: normal (cut 0.00, boost 0.00 kWh) | gate: next 24.00 C <= 26.0 C ok",normal,0.54,0.0,1.0,True,0,0,0.6,1.5,2,True,train_in_sample,rf
2025-07-21 07:00:00,RES_EP_001,33.2,51.2,21.7,344.3,0.47,0,0.0,2025-07-21,7,normal,normal,none,24.0,0.0,24.0,0.47,0.47,0.0,0.0,40,green,offpeak,0.4072,synthetic_sample,none,False,normal: following plan,"plan: normal (cut 0.00, boost 0.00 kWh) | gate: next 24.00 C <= 26.0 C ok",normal,0.47,0.0,1.0,True,0,0,0.6,1.5,2,True,train_in_sample,rf
2025-07-21 08:00:00,RES_EP_001,34.0,49.3,21.9,508.4,0.0,0,0.0,2025-07-21,8,normal,normal,none,24.0,0.0,24.0,0.0,0.0,0.0,0.0,40,green,offpeak,0.1207,synthetic_sample,none,False,normal: following plan,"plan: normal (cut 0.00, boost 0.00 kWh) | gate: next 24.00 C <= 26.0 C ok",normal,0.0,0.0,1.0,True,0,0,0.6,1.5,2,True,train_in_sample,rf
2025-07-21 09:00:00,RES_EP_001,35.6,56.3,25.5,624.4,1.007,0,0.01,2025-07-21,9,normal,normal,none,24.0,0.0,24.0,1.007,1.007,0.0,0.0,40,green,offpeak,0.997,synthetic_sample,none,True,normal: following plan,"plan: normal (cut 0.00, boost 0.00 kWh) | gate: next 24.00 C <= 26.0 C ok",normal,1.007,0.0,1.0,True,0,0,0.6,1.5,2,True,train_in_sample,rf
2025-07-21 10:00:00,RES_EP_001,37.4,53.5,26.3,788.8,1.401,0,0.0,2025-07-21,10,pre_cool,pre_cool,none,24.0,0.0,23.3882,1.401,2.901,0.0,-1.0,100,blue,offpeak,1.4115,synthetic_sample,none,True,pre_cool: following plan,"plan: pre_cool (cut 0.00, boost 1.50 kWh) | gate: next 23.39 C <= 26.0 C ok",pre_cool,2.901,0.0,1.0,True,0,1,0.6,1.5,2,True,train_in_sample,rf
2025-07-21 11:00:00,RES_EP_001,39.3,56.9,29.1,801.0,2.03,0,0.02,2025-07-21,11,pre_cool,pre_cool,none,23.3882,-0.6118,22.8873,2.03,3.53,0.0,-1.0,100,blue,offpeak,1.9127,synthetic_sample,none,True,pre_cool: following plan,"plan: pre_cool (cut 0.00, boost 1.50 kWh) | gate: next 22.89 C <= 26.0 C ok",pre_cool,3.53,0.0,1.0,True,0,1,0.6,1.5,2,True,train_in_sample,rf
2025-07-21 12:00:00,RES_EP_001,40.3,56.7,30.0,814.2,2.01,1,0.96,2025-07-21,12,peak_reduce,peak_reduce,none,22.8873,-1.1127,23.5809,2.01,0.804,0.0,1.0,75,yellow,peak,2.0118,synthetic_sample,none,True,peak_reduce: following plan,"plan: peak_reduce (cut 0.60, boost 0.00 kWh) | gate: next 23.58 C <= 26.0 C ok",peak_reduce,0.804,1.206,1.0,True,1,0,0.6,1.5,2,True,train_in_sample,rf
2025-07-21 13:00:00,RES_EP_001,40.7,57.2,30.5,745.0,1.802,1,0.99,2025-07-21,13,peak_reduce,peak_reduce,none,23.5809,-0.4191,24.0978,1.802,0.7208,0.0,1.0,75,yellow,peak,1.975,synthetic_sample,none,True,peak_reduce: following plan,"plan: peak_reduce (cut 0.60, boost 0.00 kWh) | gate: next 24.10 C <= 26.0 C ok",peak_reduce,0.7208,1.0812,1.0,True,1,0,0.6,1.5,2,True,train_in_sample,rf
2025-07-21 14:00:00,RES_EP_001,40.1,60.1,30.8,827.3,2.046,1,0.99,2025-07-21,14,peak_reduce,peak_reduce,none,24.0978,0.0978,24.5808,2.046,0.8184,0.0,1.0,75,yellow,peak,2.0272,synthetic_sample,none,True,peak_reduce: following plan,"plan: peak_reduce (cut 0.60, boost 0.00 kWh) | gate: next 24.58 C <= 26.0 C ok",peak_reduce,0.8184,1.2276,0.951,True,1,0,0.6,1.5,2,True,train_in_sample,rf
2025-07-21 15:00:00,RES_EP_001,40.7,60.6,31.6,622.1,2.037,1,1.0,2025-07-21,15,peak_reduce,peak_reduce,none,24.5808,0.5808,24.974,2.037,0.8148,0.0,1.0,75,yellow,peak,2.0104,synthetic_sample,none,True,peak_reduce: following plan,"plan: peak_reduce (cut 0.60, boost 0.00 kWh) | gate: next 24.97 C <= 26.0 C ok",peak_reduce,0.8148,1.2222,0.71,True,1,0,0.6,1.5,2,True,train_in_sample,rf
2025-07-21 16:00:00,RES_EP_001,40.2,65.6,32.5,526.7,1.751,1,1.0,2025-07-21,16,peak_reduce,peak_reduce,none,24.974,0.974,25.2259,1.751,0.7004,0.0,1.0,75,yellow,peak,1.8194,synthetic_sample,none,True,peak_reduce: following plan,"plan: peak_reduce (cut 0.60, boost 0.00 kWh) | gate: next 25.23 C <= 26.0 C ok",peak_reduce,0.7004,1.0506,0.513,True,1,0,0.6,1.5,2,True,train_in_sample,rf
2025-07-21 17:00:00,RES_EP_001,38.7,67.2,31.5,388.1,1.538,1,0.98,2025-07-21,17,peak_reduce,peak_reduce,none,25.2259,1.2259,25.3801,1.538,0.6152,0.0,1.0,75,yellow,peak,1.8205,synthetic_sample,none,True,peak_reduce: following plan,"plan: peak_reduce (cut 0.60, boost 0.00 kWh) | gate: next 25.38 C <= 26.0 C ok",peak_reduce,0.6152,0.9228,0.387,True,1,0,0.6,1.5,2,True,train_in_sample,rf
2025-07-21 18:00:00,RES_EP_001,37.9,66.4,30.5,188.5,0.963,1,0.82,2025-07-21,18,peak_reduce,peak_reduce,none,25.3801,1.3801,25.3656,0.963,0.3852,0.0,1.0,75,yellow,peak,1.0093,synthetic_sample,none,True,peak_reduce: following plan,"plan: peak_reduce (cut 0.60, boost 0.00 kWh) | gate: next 25.37 C <= 26.0 C ok",peak_reduce,0.3852,0.5778,0.31,True,1,0,0.6,1.5,2,True,train_in_sample,rf
2025-07-21 19:00:00,RES_EP_001,36.3,70.2,30.0,0.0,0.603,0,0.0,2025-07-21,19,normal,normal,none,25.3656,1.3656,24.4992,0.603,2.1203,1.5173,0.0,40,green,offpeak,0.5572,synthetic_sample,none,True,recovery: restoring setpoint after the reduction window,"plan: normal (cut 0.00, boost 0.00 kWh) | recovery: indoor +1.37 C above setpoint, thermostat pulls back | gate: next 24.50 C <= 26.0 C ok",normal,2.1203,0.0,0.317,True,0,0,0.6,1.5,2,True,train_in_sample,rf
2025-07-21 20:00:00,RES_EP_001,34.5,72.4,28.8,0.0,0.0,0,0.0,2025-07-21,20,normal,normal,none,24.4992,0.4992,24.1825,0.0,0.5547,0.5547,0.0,40,green,offpeak,0.0326,synthetic_sample,none,True,recovery: restoring setpoint after the reduction window,"plan: normal (cut 0.00, boost 0.00 kWh) | recovery: indoor +0.50 C above setpoint, thermostat pulls back | gate: next 24.18 C <= 26.0 C ok",normal,0.5547,0.0,0.75,True,0,0,0.6,1.5,2,True,train_in_sample,rf
2025-07-21 21:00:00,RES_EP_001,32.5,69.9,26.3,0.0,0.07,0,0.0,2025-07-21,21,normal,normal,none,24.1825,0.1825,24.0667,0.07,0.2728,0.2028,0.0,40,green,offpeak,0.209,synthetic_sample,none,True,recovery: restoring setpoint after the reduction window,"plan: normal (cut 0.00, boost 0.00 kWh) | recovery: indoor +0.18 C above setpoint, thermostat pulls back | gate: next 24.07 C <= 26.0 C ok",normal,0.2728,0.0,0.909,True,0,0,0.6,1.5,2,True,train_in_sample,rf
2025-07-21 22:00:00,RES_EP_001,30.5,69.3,24.2,0.0,0.501,0,0.0,2025-07-21,22,normal,normal,none,24.0667,0.0667,24.0244,0.501,0.5751,0.0741,0.0,40,green,offpeak,0.4015,synthetic_sample,none,True,recovery: restoring setpoint after the reduction window,"plan: normal (cut 0.00, boost 0.00 kWh) | recovery: indoor +0.07 C above setpoint, thermostat pulls back | gate: next 24.02 C <= 26.0 C ok",normal,0.5751,0.0,0.967,True,0,0,0.6,1.5,2,True,train_in_sample,rf
2025-07-21 23:00:00,RES_EP_001,28.8,65.3,21.6,0.0,0.312,0,0.0,2025-07-21,23,normal,normal,none,24.0244,0.0244,24.02,0.312,0.312,0.0,0.0,40,green,offpeak,0.3731,synthetic_sample,none,False,normal: following plan,"plan: normal (cut 0.00, boost 0.00 kWh) | gate: next 24.02 C <= 26.0 C ok",normal,0.312,0.0,0.988,True,0,0,0.6,1.5,2,True,train_in_sample,rf
2025-07-22 00:00:00,RES_EP_001,27.5,66.2,20.6,0.0,0.969,0,0.0,2025-07-22,0,normal,normal,none,24.0,0.0,24.0,0.969,0.969,0.0,0.0,40,green,offpeak,0.6377,synthetic_sample,none,False,normal: following plan,"plan: normal (cut 0.00, boost 0.00 kWh) | gate: next 24.00 C <= 26.0 C ok",normal,0.969,0.0,1.0,True,0,0,0.6,1.5,2,True,train_in_sample,rf
2025-07-22 01:00:00,RES_EP_001,27.3,61.7,19.3,0.0,0.487,0,0.0,2025-07-22,1,normal,normal,none,24.0,0.0,24.0,0.487,0.487,0.0,0.0,40,green,offpeak,0.5006,synthetic_sample,none,False,normal: following plan,"plan: normal (cut 0.00, boost 0.00 kWh) | gate: next 24.00 C <= 26.0 C ok",normal,0.487,0.0,1.0,True,0,0,0.6,1.5,2,True,train_in_sample,rf
2025-07-22 02:00:00,RES_EP_001,28.3,59.1,19.5,0.0,0.39,0,0.0,2025-07-22,2,normal,normal,none,24.0,0.0,24.0,0.39,0.39,0.0,0.0,40,green,offpeak,0.4176,synthetic_sample,none,False,normal: following plan,"plan: normal (cut 0.00, boost 0.00 kWh) | gate: next 24.00 C <= 26.0 C ok",normal,0.39,0.0,1.0,True,0,0,0.6,1.5,2,True,train_in_sample,rf
2025-07-22 03:00:00,RES_EP_001,27.4,63.5,19.8,0.0,0.359,0,0.0,2025-07-22,3,normal,normal,none,24.0,0.0,24.0,0.359,0.359,0.0,0.0,40,green,offpeak,0.3627,synthetic_sample,none,False,normal: following plan,"plan: normal (cut 0.00, boost 0.00 kWh) | gate: next 24.00 C <= 26.0 C ok",normal,0.359,0.0,1.0,True,0,0,0.6,1.5,2,True,train_in_sample,rf
2025-07-22 04:00:00,RES_EP_001,28.5,56.3,18.9,0.0,0.494,0,0.0,2025-07-22,4,normal,normal,none,24.0,0.0,24.0,0.494,0.494,0.0,0.0,40,green,offpeak,0.4592,synthetic_sample,none,False,normal: following plan,"plan: normal (cut 0.00, boost 0.00 kWh) | gate: next 24.00 C <= 26.0 C ok",normal,0.494,0.0,1.0,True,0,0,0.6,1.5,2,True,train_in_sample,rf
2025-07-22 05:00:00,RES_EP_001,28.7,56.3,19.1,0.0,0.486,0,0.0,2025-07-22,5,normal,normal,none,24.0,0.0,24.0,0.486,0.486,0.0,0.0,40,green,offpeak,0.4392,synthetic_sample,none,False,normal: following plan,"plan: normal (cut 0.00, boost 0.00 kWh) | gate: next 24.00 C <= 26.0 C ok",normal,0.486,0.0,1.0,True,0,0,0.6,1.5,2,True,train_in_sample,rf
2025-07-22 06:00:00,RES_EP_001,30.9,49.8,19.2,168.6,0.487,0,0.0,2025-07-22,6,normal,normal,none,24.0,0.0,24.0,0.487,0.487,0.0,0.0,40,green,offpeak,0.503,synthetic_sample,none,False,normal: following plan,"plan: normal (cut 0.00, boost 0.00 kWh) | gate: next 24.00 C <= 26.0 C ok",normal,0.487,0.0,1.0,True,0,0,0.6,1.5,2,True,train_in_sample,rf
2025-07-22 07:00:00,RES_EP_001,31.3,55.5,21.3,317.2,0.113,0,0.0,2025-07-22,7,normal,normal,none,24.0,0.0,24.0,0.113,0.113,0.0,0.0,40,green,offpeak,0.2543,synthetic_sample,none,False,normal: following plan,"plan: normal (cut 0.00, boost 0.00 kWh) | gate: next 24.00 C <= 26.0 C ok",normal,0.113,0.0,1.0,True,0,0,0.6,1.5,2,True,train_in_sample,rf
2025-07-22 08:00:00,RES_EP_001,33.7,49.0,21.5,522.3,0.0,0,0.0,2025-07-22,8,normal,normal,none,24.0,0.0,24.0,0.0,0.0,0.0,0.0,40,green,offpeak,0.1185,synthetic_sample,none,False,normal: following plan,"plan: normal (cut 0.00, boost 0.00 kWh) | gate: next 24.00 C <= 26.0 C ok",normal,0.0,0.0,1.0,True,0,0,0.6,1.5,2,True,train_in_sample,rf
2025-07-22 09:00:00,RES_EP_001,36.2,50.7,24.3,632.0,0.947,0,0.0,2025-07-22,9,normal,normal,none,24.0,0.0,24.0,0.947,0.947,0.0,0.0,40,green,offpeak,0.9365,synthetic_sample,none,True,normal: following plan,"plan: normal (cut 0.00, boost 0.00 kWh) | gate: next 24.00 C <= 26.0 C ok",normal,0.947,0.0,1.0,True,0,0,0.6,1.5,2,True,train_in_sample,rf
2025-07-22 10:00:00,RES_EP_001,37.8,55.1,27.2,737.1,1.26,0,0.0,2025-07-22,10,pre_cool,pre_cool,none,24.0,0.0,23.3882,1.26,2.76,0.0,-1.0,100,blue,offpeak,1.3447,synthetic_sample,none,True,pre_cool: following plan,"plan: pre_cool (cut 0.00, boost 1.50 kWh) | gate: next 23.39 C <= 26.0 C ok",pre_cool,2.76,0.0,1.0,True,0,1,0.6,1.5,2,True,train_in_sample,rf
2025-07-22 11:00:00,RES_EP_001,39.2,58.0,29.4,785.8,1.588,0,0.0,2025-07-22,11,pre_cool,pre_cool,none,23.3882,-0.6118,22.8873,1.588,3.088,0.0,-1.0,100,blue,offpeak,1.776,synthetic_sample,none,True,pre_cool: following plan,"plan: pre_cool (cut 0.00, boost 1.50 kWh) | gate: next 22.89 C <= 26.0 C ok",pre_cool,3.088,0.0,1.0,True,0,1,0.6,1.5,2,True,train_in_sample,rf
2025-07-22 12:00:00,RES_EP_001,39.5,55.7,29.0,845.0,1.705,1,0.62,2025-07-22,12,peak_reduce,peak_reduce,none,22.8873,-1.1127,23.5063,1.705,0.682,0.0,1.0,75,yellow,peak,1.7908,synthetic_sample,none,True,peak_reduce: following plan,"plan: peak_reduce (cut 0.60, boost 0.00 kWh) | gate: next 23.51 C <= 26.0 C ok",peak_reduce,0.682,1.023,1.0,True,1,0,0.6,1.5,2,True,train_in_sample,rf
2025-07-22 13:00:00,RES_EP_001,40.1,56.9,29.9,805.0,1.948,1,0.85,2025-07-22,13,peak_reduce,peak_reduce,none,23.5063,-0.4937,24.0725,1.948,0.7792,0.0,1.0,75,yellow,peak,1.872,synthetic_sample,none,True,peak_reduce: following plan,"plan: peak_reduce (cut 0.60, boost 0.00 kWh) | gate: next 24.07 C <= 26.0 C ok",peak_reduce,0.7792,1.1688,1.0,True,1,0,0.6,1.5,2,True,train_in_sample,rf
2025-07-22 14:00:00,RES_EP_001,41.3,60.5,32.1,677.3,2.47,1,1.0,2025-07-22,14,peak_reduce,peak_reduce,none,24.0725,0.0725,24.6638,2.47,0.988,0.0,1.0,75,yellow,peak,2.3176,synthetic_sample,none,True,peak_reduce: following plan,"plan: peak_reduce (cut 0.60, boost 0.00 kWh) | gate: next 24.66 C <= 26.0 C ok",peak_reduce,0.988,1.482,0.964,True,1,0,0.6,1.5,2,True,train_in_sample,rf
2025-07-22 15:00:00,RES_EP_001,40.8,59.0,31.2,680.4,2.132,1,0.99,2025-07-22,15,peak_reduce,peak_reduce,none,24.6638,0.6638,25.0652,2.132,0.8528,0.0,1.0,75,yellow,peak,2.0797,synthetic_sample,none,True,peak_reduce: following plan,"plan: peak_reduce (cut 0.60, boost 0.00 kWh) | gate: next 25.07 C <= 26.0 C ok",peak_reduce,0.8528,1.2792,0.668,True,1,0,0.6,1.5,2,True,train_in_sample,rf
2025-07-22 16:00:00,RES_EP_001,40.2,71.5,34.0,566.4,1.599,1,1.0,2025-07-22,16,peak_reduce,peak_reduce,none,25.0652,1.0652,25.2634,1.599,0.6396,0.0,1.0,75,yellow,peak,1.6618,synthetic_sample,none,True,peak_reduce: following plan,"plan: peak_reduce (cut 0.60, boost 0.00 kWh) | gate: next 25.26 C <= 26.0 C ok",peak_reduce,0.6396,0.9594,0.467,True,1,0,0.6,1.5,2,True,train_in_sample,rf
2025-07-22 17:00:00,RES_EP_001,39.4,68.1,32.4,369.7,1.79,1,0.94,2025-07-22,17,peak_reduce,peak_reduce,none,25.2634,1.2634,25.4724,1.79,0.716,0.0,1.0,75,yellow,peak,1.686,synthetic_sample,none,True,peak_reduce: following plan,"plan: peak_reduce (cut 0.60, boost 0.00 kWh) | gate: next 25.47 C <= 26.0 C ok",peak_reduce,0.716,1.074,0.368,True,1,0,0.6,1.5,2,True,train_in_sample,rf
2025-07-22 18:00:00,RES_EP_001,37.8,66.9,30.6,185.8,1.071,1,0.8,2025-07-22,18,peak_reduce,peak_reduce,none,25.4724,1.4724,25.4676,1.071,0.4284,0.0,1.0,75,yellow,peak,1.0083,synthetic_sample,none,True,peak_reduce: following plan,"plan: peak_reduce (cut 0.60, boost 0.00 kWh) | gate: next 25.47 C <= 26.0 C ok",peak_reduce,0.4284,0.6426,0.264,True,1,0,0.6,1.5,2,True,train_in_sample,rf
2025-07-22 19:00:00,RES_EP_001,36.3,71.5,30.3,0.0,0.534,0,0.0,2025-07-22,19,normal,normal,none,25.4676,1.4676,24.5365,0.534,2.1647,1.6307,0.0,40,green,offpeak,0.5203,synthetic_sample,none,True,recovery: restoring setpoint after the reduction window,"plan: normal (cut 0.00, boost 0.00 kWh) | recovery: indoor +1.47 C above setpoint, thermostat pulls back | gate: next 24.54 C <= 26.0 C ok",normal,2.1647,0.0,0.266,True,0,0,0.6,1.5,2,True,train_in_sample,rf
2025-07-22 20:00:00,RES_EP_001,33.7,68.2,27.0,0.0,0.179,0,0.0,2025-07-22,20,normal,normal,none,24.5365,0.5365,24.1961,0.179,0.7751,0.5961,0.0,40,green,offpeak,0.1372,synthetic_sample,none,True,recovery: restoring setpoint after the reduction window,"plan: normal (cut 0.00, boost 0.00 kWh) | recovery: indoor +0.54 C above setpoint, thermostat pulls back | gate: next 24.20 C <= 26.0 C ok",normal,0.7751,0.0,0.732,True,0,0,0.6,1.5,2,True,train_in_sample,rf
2025-07-22 21:00:00,RES_EP_001,31.5,69.7,25.3,0.0,0.279,0,0.0,2025-07-22,21,normal,normal,none,24.1961,0.1961,24.0717,0.279,0.4969,0.2179,0.0,40,green,offpeak,0.3148,synthetic_sample,none,True,recovery: restoring setpoint after the reduction window,"plan: normal (cut 0.00, boost 0.00 kWh) | recovery: indoor +0.20 C above setpoint, thermostat pulls back | gate: next 24.07 C <= 26.0 C ok",normal,0.4969,0.0,0.902,True,0,0,0.6,1.5,2,True,train_in_sample,rf
2025-07-22 22:00:00,RES_EP_001,31.5,69.6,25.3,0.0,0.205,0,0.0,2025-07-22,22,normal,normal,none,24.0717,0.0717,24.0262,0.205,0.2847,0.0797,0.0,40,green,offpeak,0.2614,synthetic_sample,none,True,recovery: restoring setpoint after the reduction window,"plan: normal (cut 0.00, boost 0.00 kWh) | recovery: indoor +0.07 C above setpoint, thermostat pulls back | gate: next 24.03 C <= 26.0 C ok",normal,0.2847,0.0,0.964,True,0,0,0.6,1.5,2,True,train_in_sample,rf
2025-07-22 23:00:00,RES_EP_001,29.2,70.1,23.2,0.0,0.52,0,0.0,2025-07-22,23,normal,normal,none,24.0262,0.0262,24.0215,0.52,0.52,0.0,0.0,40,green,offpeak,0.447,synthetic_sample,none,False,normal: following plan,"plan: normal (cut 0.00, boost 0.00 kWh) | gate: next 24.02 C <= 26.0 C ok",normal,0.52,0.0,0.987,True,0,0,0.6,1.5,2,True,train_in_sample,rf
2025-07-23 00:00:00,RES_EP_001,27.9,68.1,21.5,0.0,0.481,0,0.0,2025-07-23,0,normal,normal,none,24.0,0.0,24.0,0.481,0.481,0.0,0.0,40,green,offpeak,0.7217,synthetic_sample,none,False,normal: following plan,"plan: normal (cut 0.00, boost 0.00 kWh) | gate: next 24.00 C <= 26.0 C ok",normal,0.481,0.0,1.0,True,0,0,0.6,1.5,2,True,test,rf
2025-07-23 01:00:00,RES_EP_001,27.8,65.4,20.7,0.0,0.33,0,0.0,2025-07-23,1,normal,normal,none,24.0,0.0,24.0,0.33,0.33,0.0,0.0,40,green,offpeak,0.4487,synthetic_sample,none,False,normal: following plan,"plan: normal (cut 0.00, boost 0.00 kWh) | gate: next 24.00 C <= 26.0 C ok",normal,0.33,0.0,1.0,True,0,0,0.6,1.5,2,True,test,rf
2025-07-23 02:00:00,RES_EP_001,27.3,65.0,20.1,0.0,0.458,0,0.0,2025-07-23,2,normal,normal,none,24.0,0.0,24.0,0.458,0.458,0.0,0.0,40,green,offpeak,0.3469,synthetic_sample,none,False,normal: following plan,"plan: normal (cut 0.00, boost 0.00 kWh) | gate: next 24.00 C <= 26.0 C ok",normal,0.458,0.0,1.0,True,0,0,0.6,1.5,2,True,test,rf
2025-07-23 03:00:00,RES_EP_001,27.7,62.4,19.8,0.0,0.47,0,0.0,2025-07-23,3,normal,normal,none,24.0,0.0,24.0,0.47,0.47,0.0,0.0,40,green,offpeak,0.362,synthetic_sample,none,False,normal: following plan,"plan: normal (cut 0.00, boost 0.00 kWh) | gate: next 24.00 C <= 26.0 C ok",normal,0.47,0.0,1.0,True,0,0,0.6,1.5,2,True,test,rf
2025-07-23 04:00:00,RES_EP_001,28.2,59.9,19.7,0.0,0.766,0,0.0,2025-07-23,4,normal,normal,none,24.0,0.0,24.0,0.766,0.766,0.0,0.0,40,green,offpeak,0.3361,synthetic_sample,none,False,normal: following plan,"plan: normal (cut 0.00, boost 0.00 kWh) | gate: next 24.00 C <= 26.0 C ok",normal,0.766,0.0,1.0,True,0,0,0.6,1.5,2,True,test,rf
2025-07-23 05:00:00,RES_EP_001,28.8,59.4,20.1,0.0,0.17,0,0.0,2025-07-23,5,normal,normal,none,24.0,0.0,24.0,0.17,0.17,0.0,0.0,40,green,offpeak,0.3485,synthetic_sample,none,False,normal: following plan,"plan: normal (cut 0.00, boost 0.00 kWh) | gate: next 24.00 C <= 26.0 C ok",normal,0.17,0.0,1.0,True,0,0,0.6,1.5,2,True,test,rf
2025-07-23 06:00:00,RES_EP_001,30.8,50.2,19.2,196.5,0.2,0,0.0,2025-07-23,6,normal,normal,none,24.0,0.0,24.0,0.2,0.2,0.0,0.0,40,green,offpeak,0.481,synthetic_sample,none,False,normal: following plan,"plan: normal (cut 0.00, boost 0.00 kWh) | gate: next 24.00 C <= 26.0 C ok",normal,0.2,0.0,1.0,True,0,0,0.6,1.5,2,True,test,rf
2025-07-23 07:00:00,RES_EP_001,33.3,51.7,22.0,389.1,0.134,0,0.0,2025-07-23,7,normal,normal,none,24.0,0.0,24.0,0.134,0.134,0.0,0.0,40,green,offpeak,0.307,synthetic_sample,none,False,normal: following plan,"plan: normal (cut 0.00, boost 0.00 kWh) | gate: next 24.00 C <= 26.0 C ok",normal,0.134,0.0,1.0,True,0,0,0.6,1.5,2,True,test,rf
2025-07-23 08:00:00,RES_EP_001,35.1,52.3,23.8,496.0,0.119,0,0.0,2025-07-23,8,normal,normal,none,24.0,0.0,24.0,0.119,0.119,0.0,0.0,40,green,offpeak,0.1523,synthetic_sample,none,False,normal: following plan,"plan: normal (cut 0.00, boost 0.00 kWh) | gate: next 24.00 C <= 26.0 C ok",normal,0.119,0.0,1.0,True,0,0,0.6,1.5,2,True,test,rf
2025-07-23 09:00:00,RES_EP_001,35.6,52.5,24.4,650.4,0.892,0,0.0,2025-07-23,9,normal,normal,none,24.0,0.0,24.0,0.892,0.892,0.0,0.0,40,green,offpeak,0.9626,synthetic_sample,none,True,normal: following plan,"plan: normal (cut 0.00, boost 0.00 kWh) | gate: next 24.00 C <= 26.0 C ok",normal,0.892,0.0,1.0,True,0,0,0.6,1.5,2,True,test,rf
2025-07-23 10:00:00,RES_EP_001,37.9,51.9,26.3,669.6,1.166,0,0.0,2025-07-23,10,pre_cool,pre_cool,none,24.0,0.0,23.3882,1.166,2.666,0.0,-1.0,100,blue,offpeak,1.1643,synthetic_sample,none,True,pre_cool: following plan,"plan: pre_cool (cut 0.00, boost 1.50 kWh) | gate: next 23.39 C <= 26.0 C ok",pre_cool,2.666,0.0,1.0,True,0,1,0.6,1.5,2,True,test,rf
2025-07-23 11:00:00,RES_EP_001,38.9,56.0,28.5,814.2,1.757,0,0.0,2025-07-23,11,pre_cool,pre_cool,none,23.3882,-0.6118,22.8873,1.757,3.257,0.0,-1.0,100,blue,offpeak,1.6381,synthetic_sample,none,True,pre_cool: following plan,"plan: pre_cool (cut 0.00, boost 1.50 kWh) | gate: next 22.89 C <= 26.0 C ok",pre_cool,3.257,0.0,1.0,True,0,1,0.6,1.5,2,True,test,rf
2025-07-23 12:00:00,RES_EP_001,40.3,59.6,30.9,798.1,2.056,1,0.81,2025-07-23,12,peak_reduce,peak_reduce,none,22.8873,-1.1127,23.5922,2.056,0.8224,0.0,1.0,75,yellow,peak,1.7825,synthetic_sample,none,True,peak_reduce: following plan,"plan: peak_reduce (cut 0.60, boost 0.00 kWh) | gate: next 23.59 C <= 26.0 C ok",peak_reduce,0.8224,1.2336,1.0,True,1,0,0.6,1.5,2,True,test,rf
2025-07-23 13:00:00,RES_EP_001,41.6,59.7,32.1,731.4,1.949,1,1.0,2025-07-23,13,peak_reduce,peak_reduce,none,23.5922,-0.4078,24.143,1.949,0.7796,0.0,1.0,75,yellow,peak,1.9347,synthetic_sample,none,True,peak_reduce: following plan,"plan: peak_reduce (cut 0.60, boost 0.00 kWh) | gate: next 24.14 C <= 26.0 C ok",peak_reduce,0.7796,1.1694,1.0,True,1,0,0.6,1.5,2,True,test,rf
2025-07-23 14:00:00,RES_EP_001,41.3,61.9,32.5,674.9,2.361,1,1.0,2025-07-23,14,peak_reduce,peak_reduce,none,24.143,0.143,24.6949,2.361,0.9444,0.0,1.0,75,yellow,peak,2.2505,synthetic_sample,none,True,peak_reduce: following plan,"plan: peak_reduce (cut 0.60, boost 0.00 kWh) | gate: next 24.69 C <= 26.0 C ok",peak_reduce,0.9444,1.4166,0.928,True,1,0,0.6,1.5,2,True,test,rf
2025-07-23 15:00:00,RES_EP_001,41.8,64.8,33.8,660.4,2.157,1,1.0,2025-07-23,15,peak_reduce,peak_reduce,none,24.6949,0.6949,25.0968,2.157,0.8628,0.0,1.0,75,yellow,peak,2.2904,synthetic_sample,none,True,peak_reduce: following plan,"plan: peak_reduce (cut 0.60, boost 0.00 kWh) | gate: next 25.10 C <= 26.0 C ok",peak_reduce,0.8628,1.2942,0.653,True,1,0,0.6,1.5,2,True,test,rf
2025-07-23 16:00:00,RES_EP_001,39.7,66.7,32.3,532.7,1.915,1,1.0,2025-07-23,16,peak_reduce,peak_reduce,none,25.0968,1.0968,25.3666,1.915,0.766,0.0,1.0,75,yellow,peak,1.6873,synthetic_sample,none,True,peak_reduce: following plan,"plan: peak_reduce (cut 0.60, boost 0.00 kWh) | gate: next 25.37 C <= 26.0 C ok",peak_reduce,0.766,1.149,0.452,True,1,0,0.6,1.5,2,True,test,rf
2025-07-23 17:00:00,RES_EP_001,38.7,66.4,31.3,400.2,1.697,1,1.0,2025-07-23,17,peak_reduce,peak_reduce,none,25.3666,1.3666,25.5341,1.697,0.6788,0.0,1.0,75,yellow,peak,1.6381,synthetic_sample,none,True,peak_reduce: following plan,"plan: peak_reduce (cut 0.60, boost 0.00 kWh) | gate: next 25.53 C <= 26.0 C ok",peak_reduce,0.6788,1.0182,0.317,True,1,0,0.6,1.5,2,True,test,rf
2025-07-23 18:00:00,RES_EP_001,37.7,70.6,31.4,177.7,1.312,1,0.94,2025-07-23,18,peak_reduce,peak_reduce,none,25.5341,1.5341,25.5771,1.312,0.5248,0.0,1.0,75,yellow,peak,0.9753,synthetic_sample,none,True,peak_reduce: following plan,"plan: peak_reduce (cut 0.60, boost 0.00 kWh) | gate: next 25.58 C <= 26.0 C ok",peak_reduce,0.5248,0.7872,0.233,True,1,0,0.6,1.5,2,True,test,rf
2025-07-23 19:00:00,RES_EP_001,35.6,71.9,29.7,0.0,0.507,0,0.01,2025-07-23,19,normal,normal,none,25.5771,1.5771,24.5765,0.507,2.2593,1.7523,0.0,40,green,offpeak,0.5147,synthetic_sample,none,True,recovery: restoring setpoint after the reduction window,"plan: normal (cut 0.00, boost 0.00 kWh) | recovery: indoor +1.58 C above setpoint, thermostat pulls back | gate: next 24.58 C <= 26.0 C ok",normal,2.2593,0.0,0.211,True,0,0,0.6,1.5,2,True,test,rf
2025-07-23 20:00:00,RES_EP_001,33.6,69.0,27.1,0.0,0.202,0,0.0,2025-07-23,20,normal,normal,none,24.5765,0.5765,24.2108,0.202,0.8426,0.6406,0.0,40,green,offpeak,0.2743,synthetic_sample,none,True,recovery: restoring setpoint after the reduction window,"plan: normal (cut 0.00, boost 0.00 kWh) | recovery: indoor +0.58 C above setpoint, thermostat pulls back | gate: next 24.21 C <= 26.0 C ok",normal,0.8426,0.0,0.712,True,0,0,0.6,1.5,2,True,test,rf
2025-07-23 21:00:00,RES_EP_001,32.8,67.4,25.9,0.0,0.56,0,0.0,2025-07-23,21,normal,normal,none,24.2108,0.2108,24.077,0.56,0.7942,0.2342,0.0,40,green,offpeak,0.3614,synthetic_sample,none,True,recovery: restoring setpoint after the reduction window,"plan: normal (cut 0.00, boost 0.00 kWh) | recovery: indoor +0.21 C above setpoint, thermostat pulls back | gate: next 24.08 C <= 26.0 C ok",normal,0.7942,0.0,0.895,True,0,0,0.6,1.5,2,True,test,rf
2025-07-23 22:00:00,RES_EP_001,30.8,68.3,24.3,0.0,0.745,0,0.0,2025-07-23,22,normal,normal,none,24.077,0.077,24.0282,0.745,0.8306,0.0856,0.0,40,green,offpeak,0.3619,synthetic_sample,none,True,recovery: restoring setpoint after the reduction window,"plan: normal (cut 0.00, boost 0.00 kWh) | recovery: indoor +0.08 C above setpoint, thermostat pulls back | gate: next 24.03 C <= 26.0 C ok",normal,0.8306,0.0,0.961,True,0,0,0.6,1.5,2,True,test,rf
2025-07-23 23:00:00,RES_EP_001,29.4,64.9,22.1,0.0,0.681,0,0.0,2025-07-23,23,normal,normal,none,24.0282,0.0282,24.0231,0.681,0.681,0.0,0.0,40,green,offpeak,0.3608,synthetic_sample,none,False,normal: following plan,"plan: normal (cut 0.00, boost 0.00 kWh) | gate: next 24.02 C <= 26.0 C ok",normal,0.681,0.0,0.986,True,0,0,0.6,1.5,2,True,test,rf
2025-07-24 00:00:00,RES_EP_001,28.3,64.7,21.0,0.0,0.409,0,0.0,2025-07-24,0,normal,normal,none,24.0,0.0,24.0,0.409,0.409,0.0,0.0,40,green,offpeak,0.4812,synthetic_sample,none,False,normal: following plan,"plan: normal (cut 0.00, boost 0.00 kWh) | gate: next 24.00 C <= 26.0 C ok",normal,0.409,0.0,1.0,True,0,0,0.6,1.5,3,True,test,rf
2025-07-24 01:00:00,RES_EP_001,27.7,69.6,21.6,0.0,0.44,0,0.0,2025-07-24,1,normal,normal,none,24.0,0.0,24.0,0.44,0.44,0.0,0.0,40,green,offpeak,0.3724,synthetic_sample,none,False,normal: following plan,"plan: normal (cut 0.00, boost 0.00 kWh) | gate: next 24.00 C <= 26.0 C ok",normal,0.44,0.0,1.0,True,0,0,0.6,1.5,3,True,test,rf
2025-07-24 02:00:00,RES_EP_001,27.4,60.4,19.0,0.0,0.771,0,0.0,2025-07-24,2,normal,normal,none,24.0,0.0,24.0,0.771,0.771,0.0,0.0,40,green,offpeak,0.4545,synthetic_sample,none,False,normal: following plan,"plan: normal (cut 0.00, boost 0.00 kWh) | gate: next 24.00 C <= 26.0 C ok",normal,0.771,0.0,1.0,True,0,0,0.6,1.5,3,True,test,rf
2025-07-24 03:00:00,RES_EP_001,28.5,58.5,19.6,0.0,0.4,0,0.0,2025-07-24,3,normal,normal,none,24.0,0.0,24.0,0.4,0.4,0.0,0.0,40,green,offpeak,0.345,synthetic_sample,none,False,normal: following plan,"plan: normal (cut 0.00, boost 0.00 kWh) | gate: next 24.00 C <= 26.0 C ok",normal,0.4,0.0,1.0,True,0,0,0.6,1.5,3,True,test,rf
2025-07-24 04:00:00,RES_EP_001,28.5,53.7,18.2,0.0,0.185,0,0.0,2025-07-24,4,normal,normal,none,24.0,0.0,24.0,0.185,0.185,0.0,0.0,40,green,offpeak,0.4454,synthetic_sample,none,False,normal: following plan,"plan: normal (cut 0.00, boost 0.00 kWh) | gate: next 24.00 C <= 26.0 C ok",normal,0.185,0.0,1.0,True,0,0,0.6,1.5,3,True,test,rf
2025-07-24 05:00:00,RES_EP_001,29.4,59.2,20.6,0.0,0.58,0,0.0,2025-07-24,5,normal,normal,none,24.0,0.0,24.0,0.58,0.58,0.0,0.0,40,green,offpeak,0.3601,synthetic_sample,none,False,normal: following plan,"plan: normal (cut 0.00, boost 0.00 kWh) | gate: next 24.00 C <= 26.0 C ok",normal,0.58,0.0,1.0,True,0,0,0.6,1.5,3,True,test,rf
2025-07-24 06:00:00,RES_EP_001,30.0,53.2,19.4,185.0,0.379,0,0.0,2025-07-24,6,normal,normal,none,24.0,0.0,24.0,0.379,0.379,0.0,0.0,40,green,offpeak,0.4497,synthetic_sample,none,False,normal: following plan,"plan: normal (cut 0.00, boost 0.00 kWh) | gate: next 24.00 C <= 26.0 C ok",normal,0.379,0.0,1.0,True,0,0,0.6,1.5,3,True,test,rf
2025-07-24 07:00:00,RES_EP_001,33.5,55.8,23.4,322.9,0.313,0,0.0,2025-07-24,7,normal,normal,none,24.0,0.0,24.0,0.313,0.313,0.0,0.0,40,green,offpeak,0.3468,synthetic_sample,none,False,normal: following plan,"plan: normal (cut 0.00, boost 0.00 kWh) | gate: next 24.00 C <= 26.0 C ok",normal,0.313,0.0,1.0,True,0,0,0.6,1.5,3,True,test,rf
2025-07-24 08:00:00,RES_EP_001,35.1,49.9,23.1,468.5,0.0,0,0.0,2025-07-24,8,normal,normal,none,24.0,0.0,24.0,0.0,0.0,0.0,0.0,40,green,offpeak,0.1794,synthetic_sample,none,False,normal: following plan,"plan: normal (cut 0.00, boost 0.00 kWh) | gate: next 24.00 C <= 26.0 C ok",normal,0.0,0.0,1.0,True,0,0,0.6,1.5,3,True,test,rf
2025-07-24 09:00:00,RES_EP_001,35.9,51.5,24.3,613.5,0.966,0,0.0,2025-07-24,9,pre_cool,pre_cool,none,24.0,0.0,23.3882,0.966,2.466,0.0,-1.0,100,blue,offpeak,0.9536,synthetic_sample,none,True,pre_cool: following plan,"plan: pre_cool (cut 0.00, boost 1.50 kWh) | gate: next 23.39 C <= 26.0 C ok",pre_cool,2.466,0.0,1.0,True,0,1,0.6,1.5,3,True,test,rf
2025-07-24 10:00:00,RES_EP_001,37.6,55.6,27.2,729.0,1.211,0,0.0,2025-07-24,10,pre_cool,pre_cool,none,23.3882,-0.6118,22.8873,1.211,2.711,0.0,-1.0,100,blue,offpeak,1.212,synthetic_sample,none,True,pre_cool: following plan,"plan: pre_cool (cut 0.00, boost 1.50 kWh) | gate: next 22.89 C <= 26.0 C ok",pre_cool,2.711,0.0,1.0,True,0,1,0.6,1.5,3,True,test,rf
2025-07-24 11:00:00,RES_EP_001,40.0,53.4,28.7,820.8,1.713,0,0.0,2025-07-24,11,pre_cool,pre_cool,none,22.8873,-1.1127,22.4772,1.713,3.213,0.0,-1.0,100,blue,offpeak,1.7494,synthetic_sample,none,True,pre_cool: following plan,"plan: pre_cool (cut 0.00, boost 1.50 kWh) | gate: next 22.48 C <= 26.0 C ok",pre_cool,3.213,0.0,1.0,True,0,1,0.6,1.5,3,True,test,rf
2025-07-24 12:00:00,RES_EP_001,40.7,57.4,30.6,832.4,2.097,1,0.89,2025-07-24,12,peak_reduce,peak_reduce,none,22.4772,-1.5228,23.2664,2.097,0.8388,0.0,1.0,75,yellow,peak,2.2351,synthetic_sample,none,True,peak_reduce: following plan,"plan: peak_reduce (cut 0.60, boost 0.00 kWh) | gate: next 23.27 C <= 26.0 C ok",peak_reduce,0.8388,1.2582,1.0,True,1,0,0.6,1.5,3,True,test,rf
2025-07-24 13:00:00,RES_EP_001,39.9,59.1,30.4,773.7,2.289,1,0.98,2025-07-24,13,peak_reduce,peak_reduce,none,23.2664,-0.7336,23.9596,2.289,0.9156,0.0,1.0,75,yellow,peak,1.8871,synthetic_sample,none,True,peak_reduce: following plan,"plan: peak_reduce (cut 0.60, boost 0.00 kWh) | gate: next 23.96 C <= 26.0 C ok",peak_reduce,0.9156,1.3734,1.0,True,1,0,0.6,1.5,3,True,test,rf
2025-07-24 14:00:00,RES_EP_001,41.6,60.3,32.3,683.9,2.251,1,1.0,2025-07-24,14,peak_reduce,peak_reduce,none,23.9596,-0.0404,24.5177,2.251,0.9004,0.0,1.0,75,yellow,peak,2.338,synthetic_sample,none,True,peak_reduce: following plan,"plan: peak_reduce (cut 0.60, boost 0.00 kWh) | gate: next 24.52 C <= 26.0 C ok",peak_reduce,0.9004,1.3506,1.0,True,1,0,0.6,1.5,3,True,test,rf
2025-07-24 15:00:00,RES_EP_001,40.9,63.0,32.4,699.6,2.487,1,1.0,2025-07-24,15,peak_reduce,peak_reduce,none,24.5177,0.5177,25.0325,2.487,0.9948,0.0,1.0,75,yellow,peak,2.2458,synthetic_sample,none,True,peak_reduce: following plan,"plan: peak_reduce (cut 0.60, boost 0.00 kWh) | gate: next 25.03 C <= 26.0 C ok",peak_reduce,0.9948,1.4922,0.741,True,1,0,0.6,1.5,3,True,test,rf
2025-07-24 16:00:00,RES_EP_001,40.6,63.7,32.3,488.3,1.762,1,1.0,2025-07-24,16,peak_reduce,peak_reduce,none,25.0325,1.0325,25.2765,1.762,0.7048,0.0,1.0,75,yellow,peak,1.9497,synthetic_sample,none,True,peak_reduce: following plan,"plan: peak_reduce (cut 0.60, boost 0.00 kWh) | gate: next 25.28 C <= 26.0 C ok",peak_reduce,0.7048,1.0572,0.484,True,1,0,0.6,1.5,3,True,test,rf
2025-07-24 17:00:00,RES_EP_001,39.7,65.3,31.9,363.1,1.907,1,0.99,2025-07-24,17,peak_reduce,peak_reduce,none,25.2765,1.2765,25.5118,1.907,0.7628,0.0,1.0,75,yellow,peak,1.7151,synthetic_sample,none,True,peak_reduce: following plan,"plan: peak_reduce (cut 0.60, boost 0.00 kWh) | gate: next 25.51 C <= 26.0 C ok",peak_reduce,0.7628,1.1442,0.362,True,1,0,0.6,1.5,3,True,test,rf
2025-07-24 18:00:00,RES_EP_001,38.0,70.2,31.6,166.9,1.47,1,0.94,2025-07-24,18,peak_reduce,peak_reduce,none,25.5118,1.5118,25.5975,1.47,0.588,0.0,1.0,75,yellow,peak,1.1343,synthetic_sample,none,True,peak_reduce: following plan,"plan: peak_reduce (cut 0.60, boost 0.00 kWh) | gate: next 25.60 C <= 26.0 C ok",peak_reduce,0.588,0.882,0.244,True,1,0,0.6,1.5,3,True,test,rf
2025-07-24 19:00:00,RES_EP_001,36.0,69.5,29.5,0.0,1.192,0,0.01,2025-07-24,19,normal,normal,none,25.5975,1.5975,24.584,1.192,2.967,1.775,0.0,40,green,offpeak,0.518,synthetic_sample,none,True,recovery: restoring setpoint after the reduction window,"plan: normal (cut 0.00, boost 0.00 kWh) | recovery: indoor +1.60 C above setpoint, thermostat pulls back | gate: next 24.58 C <= 26.0 C ok",normal,2.967,0.0,0.201,True,0,0,0.6,1.5,3,True,test,rf
2025-07-24 20:00:00,RES_EP_001,34.3,67.1,27.3,0.0,0.043,0,0.0,2025-07-24,20,normal,normal,none,24.584,0.584,24.2135,0.043,0.6919,0.6489,0.0,40,green,offpeak,0.2697,synthetic_sample,none,True,recovery: restoring setpoint after the reduction window,"plan: normal (cut 0.00, boost 0.00 kWh) | recovery: indoor +0.58 C above setpoint, thermostat pulls back | gate: next 24.21 C <= 26.0 C ok",normal,0.6919,0.0,0.708,True,0,0,0.6,1.5,3,True,test,rf
2025-07-24 21:00:00,RES_EP_001,32.6,70.9,26.6,0.0,0.195,0,0.0,2025-07-24,21,normal,normal,none,24.2135,0.2135,24.078,0.195,0.4322,0.2372,0.0,40,green,offpeak,0.3071,synthetic_sample,none,True,recovery: restoring setpoint after the reduction window,"plan: normal (cut 0.00, boost 0.00 kWh) | recovery: indoor +0.21 C above setpoint, thermostat pulls back | gate: next 24.08 C <= 26.0 C ok",normal,0.4322,0.0,0.893,True,0,0,0.6,1.5,3,True,test,rf
2025-07-24 22:00:00,RES_EP_001,30.7,68.7,24.3,0.0,0.129,0,0.0,2025-07-24,22,normal,normal,none,24.078,0.078,24.0285,0.129,0.2157,0.0867,0.0,40,green,offpeak,0.3024,synthetic_sample,none,True,recovery: restoring setpoint after the reduction window,"plan: normal (cut 0.00, boost 0.00 kWh) | recovery: indoor +0.08 C above setpoint, thermostat pulls back | gate: next 24.03 C <= 26.0 C ok",normal,0.2157,0.0,0.961,True,0,0,0.6,1.5,3,True,test,rf
2025-07-24 23:00:00,RES_EP_001,29.7,66.7,22.8,0.0,0.238,0,0.0,2025-07-24,23,normal,normal,none,24.0285,0.0285,24.0234,0.238,0.238,0.0,0.0,40,green,offpeak,0.3206,synthetic_sample,none,False,normal: following plan,"plan: normal (cut 0.00, boost 0.00 kWh) | gate: next 24.02 C <= 26.0 C ok",normal,0.238,0.0,0.986,True,0,0,0.6,1.5,3,True,test,rf
2025-07-25 00:00:00,RES_EP_001,28.8,68.6,22.4,0.0,0.384,0,0.0,2025-07-25,0,normal,normal,none,24.0,0.0,24.0,0.384,0.384,0.0,0.0,40,green,offpeak,0.4112,synthetic_sample,none,False,normal: following plan,"plan: normal (cut 0.00, boost 0.00 kWh) | gate: next 24.00 C <= 26.0 C ok",normal,0.384,0.0,1.0,True,0,0,0.55,1.5,3,False,test,rf
2025-07-25 01:00:00,RES_EP_001,28.1,64.4,20.7,0.0,0.574,0,0.0,2025-07-25,1,normal,normal,none,24.0,0.0,24.0,0.574,0.574,0.0,0.0,40,green,offpeak,0.4717,synthetic_sample,none,False,normal: following plan,"plan: normal (cut 0.00, boost 0.00 kWh) | gate: next 24.00 C <= 26.0 C ok",normal,0.574,0.0,1.0,True,0,0,0.55,1.5,3,False,test,rf
2025-07-25 02:00:00,RES_EP_001,28.2,60.5,19.8,0.0,0.604,0,0.0,2025-07-25,2,normal,normal,none,24.0,0.0,24.0,0.604,0.604,0.0,0.0,40,green,offpeak,0.4222,synthetic_sample,none,False,normal: following plan,"plan: normal (cut 0.00, boost 0.00 kWh) | gate: next 24.00 C <= 26.0 C ok",normal,0.604,0.0,1.0,True,0,0,0.55,1.5,3,False,test,rf
2025-07-25 03:00:00,RES_EP_001,28.4,62.2,20.5,0.0,0.088,0,0.0,2025-07-25,3,normal,normal,none,24.0,0.0,24.0,0.088,0.088,0.0,0.0,40,green,offpeak,0.3941,synthetic_sample,none,False,normal: following plan,"plan: normal (cut 0.00, boost 0.00 kWh) | gate: next 24.00 C <= 26.0 C ok",normal,0.088,0.0,1.0,True,0,0,0.55,1.5,3,False,test,rf
2025-07-25 04:00:00,RES_EP_001,29.2,56.0,19.5,0.0,0.309,0,0.0,2025-07-25,4,normal,normal,none,24.0,0.0,24.0,0.309,0.309,0.0,0.0,40,green,offpeak,0.3893,synthetic_sample,none,False,normal: following plan,"plan: normal (cut 0.00, boost 0.00 kWh) | gate: next 24.00 C <= 26.0 C ok",normal,0.309,0.0,1.0,True,0,0,0.55,1.5,3,False,test,rf
2025-07-25 05:00:00,RES_EP_001,30.0,53.0,19.4,0.0,0.04,0,0.0,2025-07-25,5,normal,normal,none,24.0,0.0,24.0,0.04,0.04,0.0,0.0,40,green,offpeak,0.5057,synthetic_sample,none,False,normal: following plan,"plan: normal (cut 0.00, boost 0.00 kWh) | gate: next 24.00 C <= 26.0 C ok",normal,0.04,0.0,1.0,True,0,0,0.55,1.5,3,False,test,rf
2025-07-25 06:00:00,RES_EP_001,31.9,55.0,21.7,186.5,0.333,0,0.0,2025-07-25,6,normal,normal,none,24.0,0.0,24.0,0.333,0.333,0.0,0.0,40,green,offpeak,0.4646,synthetic_sample,none,False,normal: following plan,"plan: normal (cut 0.00, boost 0.00 kWh) | gate: next 24.00 C <= 26.0 C ok",normal,0.333,0.0,1.0,True,0,0,0.55,1.5,3,False,test,rf
2025-07-25 07:00:00,RES_EP_001,32.5,56.8,22.8,358.3,0.58,0,0.0,2025-07-25,7,normal,normal,none,24.0,0.0,24.0,0.58,0.58,0.0,0.0,40,green,offpeak,0.4096,synthetic_sample,none,False,normal: following plan,"plan: normal (cut 0.00, boost 0.00 kWh) | gate: next 24.00 C <= 26.0 C ok",normal,0.58,0.0,1.0,True,0,0,0.55,1.5,3,False,test,rf
2025-07-25 08:00:00,RES_EP_001,35.3,49.9,23.2,471.9,0.0,0,0.0,2025-07-25,8,normal,normal,none,24.0,0.0,24.0,0.0,0.0,0.0,0.0,40,green,offpeak,0.148,synthetic_sample,none,False,normal: following plan,"plan: normal (cut 0.00, boost 0.00 kWh) | gate: next 24.00 C <= 26.0 C ok",normal,0.0,0.0,1.0,True,0,0,0.55,1.5,3,False,test,rf
2025-07-25 09:00:00,RES_EP_001,36.3,50.8,24.4,602.7,0.649,0,0.0,2025-07-25,9,pre_cool,pre_cool,none,24.0,0.0,23.3882,0.649,2.149,0.0,-1.0,100,blue,offpeak,0.9907,synthetic_sample,none,True,pre_cool: following plan,"plan: pre_cool (cut 0.00, boost 1.50 kWh) | gate: next 23.39 C <= 26.0 C ok",pre_cool,2.149,0.0,1.0,True,0,1,0.55,1.5,3,False,test,rf
2025-07-25 10:00:00,RES_EP_001,38.4,52.1,26.8,754.2,1.593,0,0.0,2025-07-25,10,pre_cool,pre_cool,none,23.3882,-0.6118,22.8873,1.593,3.093,0.0,-1.0,100,blue,offpeak,1.3086,synthetic_sample,none,True,pre_cool: following plan,"plan: pre_cool (cut 0.00, boost 1.50 kWh) | gate: next 22.89 C <= 26.0 C ok",pre_cool,3.093,0.0,1.0,True,0,1,0.55,1.5,3,False,test,rf
2025-07-25 11:00:00,RES_EP_001,38.8,55.2,28.2,709.4,2.258,0,0.04,2025-07-25,11,pre_cool,pre_cool,none,22.8873,-1.1127,22.5417,2.258,3.6,0.0,-1.0,100,blue,offpeak,1.7051,synthetic_sample,none,True,pre_cool: following plan,"plan: pre_cool (cut 0.00, boost 1.50 kWh) | gate: next 22.54 C <= 26.0 C ok",pre_cool,3.6,0.0,1.0,True,0,1,0.55,1.5,3,False,test,rf
2025-07-25 12:00:00,RES_EP_001,41.4,56.3,30.9,764.0,2.394,1,0.96,2025-07-25,12,peak_reduce,peak_reduce,none,22.5417,-1.4583,23.3431,2.394,1.0773,0.0,1.0,75,yellow,peak,2.3518,synthetic_sample,none,True,peak_reduce: following plan,"plan: peak_reduce (cut 0.55, boost 0.00 kWh) | gate: next 23.34 C <= 26.0 C ok",peak_reduce,1.0773,1.3167,1.0,True,1,0,0.55,1.5,3,False,test,rf
2025-07-25 13:00:00,RES_EP_001,41.0,60.2,31.7,833.7,2.588,1,1.0,2025-07-25,13,peak_reduce,peak_reduce,none,23.3431,-0.6569,24.0427,2.588,1.1646,0.0,1.0,75,yellow,peak,2.41,synthetic_sample,none,True,peak_reduce: following plan,"plan: peak_reduce (cut 0.55, boost 0.00 kWh) | gate: next 24.04 C <= 26.0 C ok",peak_reduce,1.1646,1.4234,1.0,True,1,0,0.55,1.5,3,False,test,rf
2025-07-25 14:00:00,RES_EP_001,41.4,59.1,31.8,751.4,2.45,1,1.0,2025-07-25,14,peak_reduce,peak_reduce,none,24.0427,0.0427,24.5845,2.45,1.1025,0.0,1.0,75,yellow,peak,2.4146,synthetic_sample,none,True,peak_reduce: following plan,"plan: peak_reduce (cut 0.55, boost 0.00 kWh) | gate: next 24.58 C <= 26.0 C ok",peak_reduce,1.1025,1.3475,0.979,True,1,0,0.55,1.5,3,False,test,rf
2025-07-25 15:00:00,RES_EP_001,41.2,64.0,33.0,622.5,2.492,1,0.99,2025-07-25,15,peak_reduce,peak_reduce,none,24.5845,0.5845,25.0376,2.492,1.1214,0.0,1.0,75,yellow,peak,2.259,synthetic_sample,none,True,peak_reduce: following plan,"plan: peak_reduce (cut 0.55, boost 0.00 kWh) | gate: next 25.04 C <= 26.0 C ok",peak_reduce,1.1214,1.3706,0.708,True,1,0,0.55,1.5,3,False,test,rf
2025-07-25 16:00:00,RES_EP_001,40.8,63.2,32.4,457.0,2.466,1,1.0,2025-07-25,16,peak_reduce,peak_reduce,none,25.0376,1.0376,25.4027,2.466,1.1097,0.0,1.0,75,yellow,peak,1.9556,synthetic_sample,none,True,peak_reduce: following plan,"plan: peak_reduce (cut 0.55, boost 0.00 kWh) | gate: next 25.40 C <= 26.0 C ok",peak_reduce,1.1097,1.3563,0.481,True,1,0,0.55,1.5,3,False,test,rf
2025-07-25 17:00:00,RES_EP_001,39.9,66.4,32.4,342.0,1.977,1,0.99,2025-07-25,17,peak_reduce,peak_reduce,none,25.4027,1.4027,25.5919,1.977,0.8896,0.0,1.0,75,yellow,peak,1.9858,synthetic_sample,none,True,peak_reduce: following plan,"plan: peak_reduce (cut 0.55, boost 0.00 kWh) | gate: next 25.59 C <= 26.0 C ok",peak_reduce,0.8896,1.0874,0.299,True,1,0,0.55,1.5,3,False,test,rf
2025-07-25 18:00:00,RES_EP_001,36.9,68.5,30.1,202.0,1.674,1,0.91,2025-07-25,18,peak_reduce,peak_reduce,none,25.5919,1.5919,25.6788,1.674,0.7533,0.0,1.0,75,yellow,peak,1.4516,synthetic_sample,none,True,peak_reduce: following plan,"plan: peak_reduce (cut 0.55, boost 0.00 kWh) | gate: next 25.68 C <= 26.0 C ok",peak_reduce,0.7533,0.9207,0.204,True,1,0,0.55,1.5,3,False,test,rf
2025-07-25 19:00:00,RES_EP_001,36.7,65.0,29.0,0.0,1.044,0,0.21,2025-07-25,19,normal,normal,none,25.6788,1.6788,24.6137,1.044,2.9094,1.8654,0.0,40,green,offpeak,0.8769,synthetic_sample,none,True,recovery: restoring setpoint after the reduction window,"plan: normal (cut 0.00, boost 0.00 kWh) | recovery: indoor +1.68 C above setpoint, thermostat pulls back | gate: next 24.61 C <= 26.0 C ok",normal,2.9094,0.0,0.161,True,0,0,0.55,1.5,3,False,test,rf
2025-07-25 20:00:00,RES_EP_001,33.7,74.1,28.4,0.0,0.0,0,0.0,2025-07-25,20,normal,normal,none,24.6137,0.6137,24.2243,0.0,0.6819,0.6819,0.0,40,green,offpeak,0.0563,synthetic_sample,none,True,recovery: restoring setpoint after the reduction window,"plan: normal (cut 0.00, boost 0.00 kWh) | recovery: indoor +0.61 C above setpoint, thermostat pulls back | gate: next 24.22 C <= 26.0 C ok",normal,0.6819,0.0,0.693,True,0,0,0.55,1.5,3,False,test,rf
2025-07-25 21:00:00,RES_EP_001,32.7,70.6,26.6,0.0,0.63,0,0.0,2025-07-25,21,normal,normal,none,24.2243,0.2243,24.082,0.63,0.8793,0.2493,0.0,40,green,offpeak,0.3785,synthetic_sample,none,True,recovery: restoring setpoint after the reduction window,"plan: normal (cut 0.00, boost 0.00 kWh) | recovery: indoor +0.22 C above setpoint, thermostat pulls back | gate: next 24.08 C <= 26.0 C ok",normal,0.8793,0.0,0.888,True,0,0,0.55,1.5,3,False,test,rf
2025-07-25 22:00:00,RES_EP_001,31.0,71.7,25.3,0.0,0.062,0,0.0,2025-07-25,22,normal,normal,none,24.082,0.082,24.03,0.062,0.1531,0.0911,0.0,40,green,offpeak,0.3322,synthetic_sample,none,True,recovery: restoring setpoint after the reduction window,"plan: normal (cut 0.00, boost 0.00 kWh) | recovery: indoor +0.08 C above setpoint, thermostat pulls back | gate: next 24.03 C <= 26.0 C ok",normal,0.1531,0.0,0.959,True,0,0,0.55,1.5,3,False,test,rf
2025-07-25 23:00:00,RES_EP_001,30.2,71.1,24.4,0.0,0.167,0,0.0,2025-07-25,23,normal,normal,none,24.03,0.03,24.0245,0.167,0.167,0.0,0.0,40,green,offpeak,0.428,synthetic_sample,none,True,normal: following plan,"plan: normal (cut 0.00, boost 0.00 kWh) | gate: next 24.02 C <= 26.0 C ok",normal,0.167,0.0,0.985,True,0,0,0.55,1.5,3,False,test,rf
2025-07-26 00:00:00,RES_EP_001,29.4,63.5,21.7,0.0,0.749,0,0.0,2025-07-26,0,normal,normal,none,24.0,0.0,24.0,0.749,0.749,0.0,0.0,40,green,offpeak,0.4132,synthetic_sample,none,False,normal: following plan,"plan: normal (cut 0.00, boost 0.00 kWh) | gate: next 24.00 C <= 26.0 C ok",normal,0.749,0.0,1.0,True,0,0,0.5,1.0,4,False,test,rf
2025-07-26 01:00:00,RES_EP_001,28.0,63.6,20.4,0.0,0.564,0,0.0,2025-07-26,1,normal,normal,none,24.0,0.0,24.0,0.564,0.564,0.0,0.0,40,green,offpeak,0.5039,synthetic_sample,none,False,normal: following plan,"plan: normal (cut 0.00, boost 0.00 kWh) | gate: next 24.00 C <= 26.0 C ok",normal,0.564,0.0,1.0,True,0,0,0.5,1.0,4,False,test,rf
2025-07-26 02:00:00,RES_EP_001,28.6,57.0,19.2,0.0,0.191,0,0.0,2025-07-26,2,normal,normal,none,24.0,0.0,24.0,0.191,0.191,0.0,0.0,40,green,offpeak,0.4717,synthetic_sample,none,False,normal: following plan,"plan: normal (cut 0.00, boost 0.00 kWh) | gate: next 24.00 C <= 26.0 C ok",normal,0.191,0.0,1.0,True,0,0,0.5,1.0,4,False,test,rf
2025-07-26 03:00:00,RES_EP_001,27.8,58.3,18.8,0.0,0.289,0,0.0,2025-07-26,3,normal,normal,none,24.0,0.0,24.0,0.289,0.289,0.0,0.0,40,green,offpeak,0.3913,synthetic_sample,none,False,normal: following plan,"plan: normal (cut 0.00, boost 0.00 kWh) | gate: next 24.00 C <= 26.0 C ok",normal,0.289,0.0,1.0,True,0,0,0.5,1.0,4,False,test,rf
2025-07-26 04:00:00,RES_EP_001,28.9,57.6,19.7,0.0,0.539,0,0.0,2025-07-26,4,normal,normal,none,24.0,0.0,24.0,0.539,0.539,0.0,0.0,40,green,offpeak,0.4569,synthetic_sample,none,False,normal: following plan,"plan: normal (cut 0.00, boost 0.00 kWh) | gate: next 24.00 C <= 26.0 C ok",normal,0.539,0.0,1.0,True,0,0,0.5,1.0,4,False,test,rf
2025-07-26 05:00:00,RES_EP_001,30.2,54.1,19.9,0.0,0.537,0,0.0,2025-07-26,5,normal,normal,none,24.0,0.0,24.0,0.537,0.537,0.0,0.0,40,green,offpeak,0.3326,synthetic_sample,none,False,normal: following plan,"plan: normal (cut 0.00, boost 0.00 kWh) | gate: next 24.00 C <= 26.0 C ok",normal,0.537,0.0,1.0,True,0,0,0.5,1.0,4,False,test,rf
2025-07-26 06:00:00,RES_EP_001,31.8,54.9,21.6,177.3,0.368,0,0.0,2025-07-26,6,normal,normal,none,24.0,0.0,24.0,0.368,0.368,0.0,0.0,40,green,offpeak,0.5151,synthetic_sample,none,False,normal: following plan,"plan: normal (cut 0.00, boost 0.00 kWh) | gate: next 24.00 C <= 26.0 C ok",normal,0.368,0.0,1.0,True,0,0,0.5,1.0,4,False,test,rf
2025-07-26 07:00:00,RES_EP_001,33.1,56.5,23.3,375.2,0.656,0,0.0,2025-07-26,7,normal,normal,none,24.0,0.0,24.0,0.656,0.656,0.0,0.0,40,green,offpeak,0.3367,synthetic_sample,none,False,normal: following plan,"plan: normal (cut 0.00, boost 0.00 kWh) | gate: next 24.00 C <= 26.0 C ok",normal,0.656,0.0,1.0,True,0,0,0.5,1.0,4,False,test,rf
2025-07-26 08:00:00,RES_EP_001,35.8,52.0,24.4,468.1,0.0,0,0.0,2025-07-26,8,pre_cool,pre_cool,none,24.0,0.0,23.5921,0.0,1.0,0.0,-1.0,100,blue,offpeak,0.1508,synthetic_sample,none,True,pre_cool: following plan,"plan: pre_cool (cut 0.00, boost 1.00 kWh) | gate: next 23.59 C <= 26.0 C ok",pre_cool,1.0,0.0,1.0,True,0,1,0.5,1.0,4,False,test,rf
2025-07-26 09:00:00,RES_EP_001,37.0,52.9,25.8,652.3,0.823,0,0.0,2025-07-26,9,pre_cool,pre_cool,none,23.5921,-0.4079,23.2582,0.823,1.823,0.0,-1.0,100,blue,offpeak,0.6742,synthetic_sample,none,True,pre_cool: following plan,"plan: pre_cool (cut 0.00, boost 1.00 kWh) | gate: next 23.26 C <= 26.0 C ok",pre_cool,1.823,0.0,1.0,True,0,1,0.5,1.0,4,False,test,rf
2025-07-26 10:00:00,RES_EP_001,37.8,54.0,26.9,762.6,1.364,0,0.0,2025-07-26,10,pre_cool,pre_cool,none,23.2582,-0.7418,22.9848,1.364,2.364,0.0,-1.0,100,blue,offpeak,1.5075,synthetic_sample,none,True,pre_cool: following plan,"plan: pre_cool (cut 0.00, boost 1.00 kWh) | gate: next 22.98 C <= 26.0 C ok",pre_cool,2.364,0.0,1.0,True,0,1,0.5,1.0,4,False,test,rf
2025-07-26 11:00:00,RES_EP_001,40.1,55.2,29.4,792.4,2.167,0,0.03,2025-07-26,11,pre_cool,pre_cool,none,22.9848,-1.0152,22.761,2.167,3.167,0.0,-1.0,100,blue,offpeak,2.3072,synthetic_sample,none,True,pre_cool: following plan,"plan: pre_cool (cut 0.00, boost 1.00 kWh) | gate: next 22.76 C <= 26.0 C ok",pre_cool,3.167,0.0,1.0,True,0,1,0.5,1.0,4,False,test,rf
2025-07-26 12:00:00,RES_EP_001,41.8,55.8,31.1,814.0,2.537,1,0.93,2025-07-26,12,peak_reduce,peak_reduce,none,22.761,-1.239,23.5029,2.537,1.2685,0.0,1.0,75,yellow,peak,2.4339,synthetic_sample,none,True,peak_reduce: following plan,"plan: peak_reduce (cut 0.50, boost 0.00 kWh) | gate: next 23.50 C <= 26.0 C ok",peak_reduce,1.2685,1.2685,1.0,True,1,0,0.5,1.0,4,False,test,rf
2025-07-26 13:00:00,RES_EP_001,42.3,58.1,32.3,787.7,2.698,1,1.0,2025-07-26,13,peak_reduce,peak_reduce,none,23.5029,-0.4971,24.1432,2.698,1.349,0.0,1.0,75,yellow,peak,2.4443,synthetic_sample,none,True,peak_reduce: following plan,"plan: peak_reduce (cut 0.50, boost 0.00 kWh) | gate: next 24.14 C <= 26.0 C ok",peak_reduce,1.349,1.349,1.0,True,1,0,0.5,1.0,4,False,test,rf
2025-07-26 14:00:00,RES_EP_001,42.6,60.5,33.3,789.5,2.848,1,1.0,2025-07-26,14,peak_reduce,peak_reduce,none,24.1432,0.1432,24.6981,2.848,1.424,0.0,1.0,75,yellow,peak,2.4805,synthetic_sample,none,True,peak_reduce: following plan,"plan: peak_reduce (cut 0.50, boost 0.00 kWh) | gate: next 24.70 C <= 26.0 C ok",peak_reduce,1.424,1.424,0.928,True,1,0,0.5,1.0,4,False,test,rf
2025-07-26 15:00:00,RES_EP_001,41.9,62.7,33.3,646.9,2.36,1,1.0,2025-07-26,15,peak_reduce,peak_reduce,none,24.6981,0.6981,25.0528,2.36,1.18,0.0,1.0,75,yellow,peak,2.4504,synthetic_sample,none,True,peak_reduce: following plan,"plan: peak_reduce (cut 0.50, boost 0.00 kWh) | gate: next 25.05 C <= 26.0 C ok",peak_reduce,1.18,1.18,0.651,True,1,0,0.5,1.0,4,False,test,rf
2025-07-26 16:00:00,RES_EP_001,42.1,65.2,34.2,501.9,2.084,1,1.0,2025-07-26,16,peak_reduce,peak_reduce,none,25.0528,1.0528,25.2869,2.084,1.042,0.0,1.0,75,yellow,peak,2.3368,synthetic_sample,none,True,peak_reduce: following plan,"plan: peak_reduce (cut 0.50, boost 0.00 kWh) | gate: next 25.29 C <= 26.0 C ok",peak_reduce,1.042,1.042,0.474,True,1,0,0.5,1.0,4,False,test,rf
2025-07-26 17:00:00,RES_EP_001,39.7,67.1,32.4,366.4,1.701,1,0.98,2025-07-26,17,peak_reduce,peak_reduce,none,25.2869,1.2869,25.4005,1.701,0.8505,0.0,1.0,75,yellow,peak,1.9583,synthetic_sample,none,True,peak_reduce: following plan,"plan: peak_reduce (cut 0.50, boost 0.00 kWh) | gate: next 25.40 C <= 26.0 C ok",peak_reduce,0.8505,0.8505,0.357,True,1,0,0.5,1.0,4,False,test,rf
2025-07-26 18:00:00,RES_EP_001,37.8,67.0,30.6,191.5,1.317,1,0.83,2025-07-26,18,peak_reduce,peak_reduce,none,25.4005,1.4005,25.4152,1.317,0.6585,0.0,1.0,75,yellow,peak,1.5132,synthetic_sample,none,True,peak_reduce: following plan,"plan: peak_reduce (cut 0.50, boost 0.00 kWh) | gate: next 25.42 C <= 26.0 C ok",peak_reduce,0.6585,0.6585,0.3,True,1,0,0.5,1.0,4,False,test,rf
2025-07-26 19:00:00,RES_EP_001,37.3,65.7,29.8,0.0,1.039,0,0.06,2025-07-26,19,normal,normal,none,25.4152,1.4152,24.5174,1.039,2.6115,1.5725,0.0,40,green,offpeak,0.8424,synthetic_sample,none,True,recovery: restoring setpoint after the reduction window,"plan: normal (cut 0.00, boost 0.00 kWh) | recovery: indoor +1.42 C above setpoint, thermostat pulls back | gate: next 24.52 C <= 26.0 C ok",normal,2.6115,0.0,0.292,True,0,0,0.5,1.0,4,False,test,rf
2025-07-26 20:00:00,RES_EP_001,34.6,67.2,27.6,0.0,0.0,0,0.0,2025-07-26,20,normal,normal,none,24.5174,0.5174,24.1891,0.0,0.5748,0.5748,0.0,40,green,offpeak,0.0197,synthetic_sample,none,True,recovery: restoring setpoint after the reduction window,"plan: normal (cut 0.00, boost 0.00 kWh) | recovery: indoor +0.52 C above setpoint, thermostat pulls back | gate: next 24.19 C <= 26.0 C ok",normal,0.5748,0.0,0.741,True,0,0,0.5,1.0,4,False,test,rf
2025-07-26 21:00:00,RES_EP_001,32.7,64.2,25.0,0.0,0.392,0,0.0,2025-07-26,21,normal,normal,none,24.1891,0.1891,24.0691,0.392,0.6021,0.2101,0.0,40,green,offpeak,0.405,synthetic_sample,none,True,recovery: restoring setpoint after the reduction window,"plan: normal (cut 0.00, boost 0.00 kWh) | recovery: indoor +0.19 C above setpoint, thermostat pulls back | gate: next 24.07 C <= 26.0 C ok",normal,0.6021,0.0,0.905,True,0,0,0.5,1.0,4,False,test,rf
2025-07-26 22:00:00,RES_EP_001,31.5,71.1,25.6,0.0,0.056,0,0.0,2025-07-26,22,normal,normal,none,24.0691,0.0691,24.0253,0.056,0.1328,0.0768,0.0,40,green,offpeak,0.2735,synthetic_sample,none,True,recovery: restoring setpoint after the reduction window,"plan: normal (cut 0.00, boost 0.00 kWh) | recovery: indoor +0.07 C above setpoint, thermostat pulls back | gate: next 24.03 C <= 26.0 C ok",normal,0.1328,0.0,0.965,True,0,0,0.5,1.0,4,False,test,rf
2025-07-26 23:00:00,RES_EP_001,30.4,68.2,23.9,0.0,0.292,0,0.0,2025-07-26,23,normal,normal,none,24.0253,0.0253,24.0207,0.292,0.292,0.0,0.0,40,green,offpeak,0.3323,synthetic_sample,none,False,normal: following plan,"plan: normal (cut 0.00, boost 0.00 kWh) | gate: next 24.02 C <= 26.0 C ok",normal,0.292,0.0,0.987,True,0,0,0.5,1.0,4,False,test,rf
2025-07-27 00:00:00,RES_EP_001,28.3,65.6,21.2,0.0,0.482,0,0.0,2025-07-27,0,normal,normal,none,24.0,0.0,24.0,0.482,0.482,0.0,0.0,40,green,offpeak,0.4887,synthetic_sample,none,False,normal: following plan,"plan: normal (cut 0.00, boost 0.00 kWh) | gate: next 24.00 C <= 26.0 C ok",normal,0.482,0.0,1.0,True,0,0,0.5,1.0,4,False,test,rf
2025-07-27 01:00:00,RES_EP_001,29.7,63.3,22.0,0.0,0.842,0,0.0,2025-07-27,1,normal,normal,none,24.0,0.0,24.0,0.842,0.842,0.0,0.0,40,green,offpeak,0.5062,synthetic_sample,none,False,normal: following plan,"plan: normal (cut 0.00, boost 0.00 kWh) | gate: next 24.00 C <= 26.0 C ok",normal,0.842,0.0,1.0,True,0,0,0.5,1.0,4,False,test,rf
2025-07-27 02:00:00,RES_EP_001,28.2,57.9,19.1,0.0,0.26,0,0.0,2025-07-27,2,normal,normal,none,24.0,0.0,24.0,0.26,0.26,0.0,0.0,40,green,offpeak,0.4572,synthetic_sample,none,False,normal: following plan,"plan: normal (cut 0.00, boost 0.00 kWh) | gate: next 24.00 C <= 26.0 C ok",normal,0.26,0.0,1.0,True,0,0,0.5,1.0,4,False,test,rf
2025-07-27 03:00:00,RES_EP_001,28.5,60.3,20.0,0.0,0.287,0,0.0,2025-07-27,3,normal,normal,none,24.0,0.0,24.0,0.287,0.287,0.0,0.0,40,green,offpeak,0.5204,synthetic_sample,none,False,normal: following plan,"plan: normal (cut 0.00, boost 0.00 kWh) | gate: next 24.00 C <= 26.0 C ok",normal,0.287,0.0,1.0,True,0,0,0.5,1.0,4,False,test,rf
2025-07-27 04:00:00,RES_EP_001,29.2,55.5,19.4,0.0,0.587,0,0.0,2025-07-27,4,normal,normal,none,24.0,0.0,24.0,0.587,0.587,0.0,0.0,40,green,offpeak,0.562,synthetic_sample,none,False,normal: following plan,"plan: normal (cut 0.00, boost 0.00 kWh) | gate: next 24.00 C <= 26.0 C ok",normal,0.587,0.0,1.0,True,0,0,0.5,1.0,4,False,test,rf
2025-07-27 05:00:00,RES_EP_001,31.3,55.3,21.2,0.0,0.706,0,0.0,2025-07-27,5,normal,normal,none,24.0,0.0,24.0,0.706,0.706,0.0,0.0,40,green,offpeak,0.5838,synthetic_sample,none,False,normal: following plan,"plan: normal (cut 0.00, boost 0.00 kWh) | gate: next 24.00 C <= 26.0 C ok",normal,0.706,0.0,1.0,True,0,0,0.5,1.0,4,False,test,rf
2025-07-27 06:00:00,RES_EP_001,31.7,55.4,21.6,161.7,0.453,0,0.0,2025-07-27,6,normal,normal,none,24.0,0.0,24.0,0.453,0.453,0.0,0.0,40,green,offpeak,0.569,synthetic_sample,none,False,normal: following plan,"plan: normal (cut 0.00, boost 0.00 kWh) | gate: next 24.00 C <= 26.0 C ok",normal,0.453,0.0,1.0,True,0,0,0.5,1.0,4,False,test,rf
2025-07-27 07:00:00,RES_EP_001,35.1,50.0,23.1,339.0,0.456,0,0.0,2025-07-27,7,normal,normal,none,24.0,0.0,24.0,0.456,0.456,0.0,0.0,40,green,offpeak,0.4329,synthetic_sample,none,False,normal: following plan,"plan: normal (cut 0.00, boost 0.00 kWh) | gate: next 24.00 C <= 26.0 C ok",normal,0.456,0.0,1.0,True,0,0,0.5,1.0,4,False,test,rf
2025-07-27 08:00:00,RES_EP_001,35.6,52.7,24.4,555.5,0.0,0,0.0,2025-07-27,8,pre_cool,pre_cool,none,24.0,0.0,23.5921,0.0,1.0,0.0,-1.0,100,blue,offpeak,0.1558,synthetic_sample,none,True,pre_cool: following plan,"plan: pre_cool (cut 0.00, boost 1.00 kWh) | gate: next 23.59 C <= 26.0 C ok",pre_cool,1.0,0.0,1.0,True,0,1,0.5,1.0,4,False,test,rf
2025-07-27 09:00:00,RES_EP_001,37.7,54.3,26.9,634.2,1.101,0,0.0,2025-07-27,9,pre_cool,pre_cool,none,23.5921,-0.4079,23.2582,1.101,2.101,0.0,-1.0,100,blue,offpeak,0.801,synthetic_sample,none,True,pre_cool: following plan,"plan: pre_cool (cut 0.00, boost 1.00 kWh) | gate: next 23.26 C <= 26.0 C ok",pre_cool,2.101,0.0,1.0,True,0,1,0.5,1.0,4,False,test,rf
2025-07-27 10:00:00,RES_EP_001,38.9,54.5,28.0,688.4,1.838,0,0.0,2025-07-27,10,pre_cool,pre_cool,none,23.2582,-0.7418,22.9848,1.838,2.838,0.0,-1.0,100,blue,offpeak,1.4342,synthetic_sample,none,True,pre_cool: following plan,"plan: pre_cool (cut 0.00, boost 1.00 kWh) | gate: next 22.98 C <= 26.0 C ok",pre_cool,2.838,0.0,1.0,True,0,1,0.5,1.0,4,False,test,rf
2025-07-27 11:00:00,RES_EP_001,41.3,51.0,29.1,726.0,2.437,0,0.22,2025-07-27,11,pre_cool,pre_cool,none,22.9848,-1.0152,22.761,2.437,3.437,0.0,-1.0,100,blue,offpeak,2.4598,synthetic_sample,none,True,pre_cool: following plan,"plan: pre_cool (cut 0.00, boost 1.00 kWh) | gate: next 22.76 C <= 26.0 C ok",pre_cool,3.437,0.0,1.0,True,0,1,0.5,1.0,4,False,test,rf
2025-07-27 12:00:00,RES_EP_001,42.4,56.2,31.8,798.1,2.19,1,1.0,2025-07-27,12,peak_reduce,peak_reduce,none,22.761,-1.239,23.4322,2.19,1.095,0.0,1.0,75,yellow,peak,2.4713,synthetic_sample,none,True,peak_reduce: following plan,"plan: peak_reduce (cut 0.50, boost 0.00 kWh) | gate: next 23.43 C <= 26.0 C ok",peak_reduce,1.095,1.095,1.0,True,1,0,0.5,1.0,4,False,test,rf
2025-07-27 13:00:00,RES_EP_001,42.2,59.5,32.6,738.8,2.743,1,0.99,2025-07-27,13,peak_reduce,peak_reduce,none,23.4322,-0.5678,24.0945,2.743,1.3715,0.0,1.0,75,yellow,peak,2.5072,synthetic_sample,none,True,peak_reduce: following plan,"plan: peak_reduce (cut 0.50, boost 0.00 kWh) | gate: next 24.09 C <= 26.0 C ok",peak_reduce,1.3715,1.3715,1.0,True,1,0,0.5,1.0,4,False,test,rf
2025-07-27 14:00:00,RES_EP_001,42.4,60.8,33.2,678.2,2.488,1,1.0,2025-07-27,14,peak_reduce,peak_reduce,none,24.0945,0.0945,24.5847,2.488,1.244,0.0,1.0,75,yellow,peak,2.5392,synthetic_sample,none,True,peak_reduce: following plan,"plan: peak_reduce (cut 0.50, boost 0.00 kWh) | gate: next 24.58 C <= 26.0 C ok",peak_reduce,1.244,1.244,0.953,True,1,0,0.5,1.0,4,False,test,rf
2025-07-27 15:00:00,RES_EP_001,42.8,58.1,32.8,712.7,2.323,1,1.0,2025-07-27,15,peak_reduce,peak_reduce,none,24.5847,0.5847,24.9525,2.323,1.1615,0.0,1.0,75,yellow,peak,2.5111,synthetic_sample,none,True,peak_reduce: following plan,"plan: peak_reduce (cut 0.50, boost 0.00 kWh) | gate: next 24.95 C <= 26.0 C ok",peak_reduce,1.1615,1.1615,0.708,True,1,0,0.5,1.0,4,False,test,rf
2025-07-27 16:00:00,RES_EP_001,41.7,61.9,32.9,546.0,2.035,1,1.0,2025-07-27,16,peak_reduce,peak_reduce,none,24.9525,0.9525,25.1948,2.035,1.0175,0.0,1.0,75,yellow,peak,2.4202,synthetic_sample,none,True,peak_reduce: following plan,"plan: peak_reduce (cut 0.50, boost 0.00 kWh) | gate: next 25.19 C <= 26.0 C ok",peak_reduce,1.0175,1.0175,0.524,True,1,0,0.5,1.0,4,False,test,rf
2025-07-27 17:00:00,RES_EP_001,40.6,64.7,32.6,365.7,1.944,1,0.99,2025-07-27,17,peak_reduce,peak_reduce,none,25.1948,1.1948,25.3747,1.944,0.972,0.0,1.0,75,yellow,peak,1.7762,synthetic_sample,none,True,peak_reduce: following plan,"plan: peak_reduce (cut 0.50, boost 0.00 kWh) | gate: next 25.37 C <= 26.0 C ok",peak_reduce,0.972,0.972,0.403,True,1,0,0.5,1.0,4,False,test,rf
2025-07-27 18:00:00,RES_EP_001,39.5,66.7,32.1,189.8,1.746,1,0.91,2025-07-27,18,peak_reduce,peak_reduce,none,25.3747,1.3747,25.4815,1.746,0.873,0.0,1.0,75,yellow,peak,1.3146,synthetic_sample,none,True,peak_reduce: following plan,"plan: peak_reduce (cut 0.50, boost 0.00 kWh) | gate: next 25.48 C <= 26.0 C ok",peak_reduce,0.873,0.873,0.313,True,1,0,0.5,1.0,4,False,test,rf
2025-07-27 19:00:00,RES_EP_001,36.6,72.0,30.7,0.0,0.629,0,0.48,2025-07-27,19,normal,normal,none,25.4815,1.4815,24.5416,0.629,2.2751,1.6461,0.0,40,green,offpeak,0.828,synthetic_sample,none,True,recovery: restoring setpoint after the reduction window,"plan: normal (cut 0.00, boost 0.00 kWh) | recovery: indoor +1.48 C above setpoint, thermostat pulls back | gate: next 24.54 C <= 26.0 C ok",normal,2.2751,0.0,0.259,True,0,0,0.5,1.0,4,False,test,rf
2025-07-27 20:00:00,RES_EP_001,35.7,69.0,29.1,0.0,0.037,0,0.0,2025-07-27,20,normal,normal,none,24.5416,0.5416,24.198,0.037,0.6388,0.6018,0.0,40,green,offpeak,0.0719,synthetic_sample,none,True,recovery: restoring setpoint after the reduction window,"plan: normal (cut 0.00, boost 0.00 kWh) | recovery: indoor +0.54 C above setpoint, thermostat pulls back | gate: next 24.20 C <= 26.0 C ok",normal,0.6388,0.0,0.729,True,0,0,0.5,1.0,4,False,test,rf
2025-07-27 21:00:00,RES_EP_001,34.4,66.5,27.2,0.0,0.228,0,0.0,2025-07-27,21,normal,normal,none,24.198,0.198,24.0724,0.228,0.448,0.22,0.0,40,green,offpeak,0.4391,synthetic_sample,none,True,recovery: restoring setpoint after the reduction window,"plan: normal (cut 0.00, boost 0.00 kWh) | recovery: indoor +0.20 C above setpoint, thermostat pulls back | gate: next 24.07 C <= 26.0 C ok",normal,0.448,0.0,0.901,True,0,0,0.5,1.0,4,False,test,rf
2025-07-27 22:00:00,RES_EP_001,32.2,67.0,25.3,0.0,0.621,0,0.0,2025-07-27,22,normal,normal,none,24.0724,0.0724,24.0265,0.621,0.7014,0.0804,0.0,40,green,offpeak,0.3142,synthetic_sample,none,True,recovery: restoring setpoint after the reduction window,"plan: normal (cut 0.00, boost 0.00 kWh) | recovery: indoor +0.07 C above setpoint, thermostat pulls back | gate: next 24.03 C <= 26.0 C ok",normal,0.7014,0.0,0.964,True,0,0,0.5,1.0,4,False,test,rf
2025-07-27 23:00:00,RES_EP_001,30.8,65.2,23.5,0.0,0.809,0,0.0,2025-07-27,23,normal,normal,none,24.0265,0.0265,24.0217,0.809,0.809,0.0,0.0,40,green,offpeak,0.514,synthetic_sample,none,False,normal: following plan,"plan: normal (cut 0.00, boost 0.00 kWh) | gate: next 24.02 C <= 26.0 C ok",normal,0.809,0.0,0.987,True,0,0,0.5,1.0,4,False,test,rf
2025-07-28 00:00:00,RES_EP_001,30.8,65.8,23.6,0.0,0.102,0,0.0,2025-07-28,0,normal,normal,none,24.0,0.0,24.0,0.102,0.102,0.0,0.0,40,green,offpeak,0.4888,synthetic_sample,none,False,normal: following plan,"plan: normal (cut 0.00, boost 0.00 kWh) | gate: next 24.00 C <= 26.0 C ok",normal,0.102,0.0,1.0,True,0,0,0.55,1.5,3,False,test,rf
2025-07-28 01:00:00,RES_EP_001,30.2,62.5,22.2,0.0,0.225,0,0.0,2025-07-28,1,normal,normal,none,24.0,0.0,24.0,0.225,0.225,0.0,0.0,40,green,offpeak,0.5353,synthetic_sample,none,False,normal: following plan,"plan: normal (cut 0.00, boost 0.00 kWh) | gate: next 24.00 C <= 26.0 C ok",normal,0.225,0.0,1.0,True,0,0,0.55,1.5,3,False,test,rf
2025-07-28 02:00:00,RES_EP_001,28.3,63.1,20.6,0.0,0.513,0,0.0,2025-07-28,2,normal,normal,none,24.0,0.0,24.0,0.513,0.513,0.0,0.0,40,green,offpeak,0.3519,synthetic_sample,none,False,normal: following plan,"plan: normal (cut 0.00, boost 0.00 kWh) | gate: next 24.00 C <= 26.0 C ok",normal,0.513,0.0,1.0,True,0,0,0.55,1.5,3,False,test,rf
2025-07-28 03:00:00,RES_EP_001,29.3,57.9,20.1,0.0,0.6,0,0.0,2025-07-28,3,normal,normal,none,24.0,0.0,24.0,0.6,0.6,0.0,0.0,40,green,offpeak,0.3708,synthetic_sample,none,False,normal: following plan,"plan: normal (cut 0.00, boost 0.00 kWh) | gate: next 24.00 C <= 26.0 C ok",normal,0.6,0.0,1.0,True,0,0,0.55,1.5,3,False,test,rf
2025-07-28 04:00:00,RES_EP_001,31.0,56.2,21.2,0.0,0.213,0,0.0,2025-07-28,4,normal,normal,none,24.0,0.0,24.0,0.213,0.213,0.0,0.0,40,green,offpeak,0.4595,synthetic_sample,none,False,normal: following plan,"plan: normal (cut 0.00, boost 0.00 kWh) | gate: next 24.00 C <= 26.0 C ok",normal,0.213,0.0,1.0,True,0,0,0.55,1.5,3,False,test,rf
2025-07-28 05:00:00,RES_EP_001,30.8,57.0,21.3,0.0,0.62,0,0.0,2025-07-28,5,normal,normal,none,24.0,0.0,24.0,0.62,0.62,0.0,0.0,40,green,offpeak,0.4589,synthetic_sample,none,False,normal: following plan,"plan: normal (cut 0.00, boost 0.00 kWh) | gate: next 24.00 C <= 26.0 C ok",normal,0.62,0.0,1.0,True,0,0,0.55,1.5,3,False,test,rf
2025-07-28 06:00:00,RES_EP_001,33.4,54.4,22.9,163.0,0.415,0,0.0,2025-07-28,6,normal,normal,none,24.0,0.0,24.0,0.415,0.415,0.0,0.0,40,green,offpeak,0.4935,synthetic_sample,none,False,normal: following plan,"plan: normal (cut 0.00, boost 0.00 kWh) | gate: next 24.00 C <= 26.0 C ok",normal,0.415,0.0,1.0,True,0,0,0.55,1.5,3,False,test,rf
2025-07-28 07:00:00,RES_EP_001,34.0,53.0,23.0,344.1,0.343,0,0.0,2025-07-28,7,normal,normal,none,24.0,0.0,24.0,0.343,0.343,0.0,0.0,40,green,offpeak,0.3975,synthetic_sample,none,False,normal: following plan,"plan: normal (cut 0.00, boost 0.00 kWh) | gate: next 24.00 C <= 26.0 C ok",normal,0.343,0.0,1.0,True,0,0,0.55,1.5,3,False,test,rf
2025-07-28 08:00:00,RES_EP_001,36.3,49.3,23.9,547.6,0.121,0,0.0,2025-07-28,8,normal,normal,none,24.0,0.0,24.0,0.121,0.121,0.0,0.0,40,green,offpeak,0.1399,synthetic_sample,none,False,normal: following plan,"plan: normal (cut 0.00, boost 0.00 kWh) | gate: next 24.00 C <= 26.0 C ok",normal,0.121,0.0,1.0,True,0,0,0.55,1.5,3,False,test,rf
2025-07-28 09:00:00,RES_EP_001,38.3,49.5,25.8,669.8,0.685,0,0.01,2025-07-28,9,pre_cool,pre_cool,none,24.0,0.0,23.3882,0.685,2.185,0.0,-1.0,100,blue,offpeak,1.0294,synthetic_sample,none,True,pre_cool: following plan,"plan: pre_cool (cut 0.00, boost 1.50 kWh) | gate: next 23.39 C <= 26.0 C ok",pre_cool,2.185,0.0,1.0,True,0,1,0.55,1.5,3,False,test,rf
2025-07-28 10:00:00,RES_EP_001,40.4,52.6,28.8,766.1,1.333,0,0.0,2025-07-28,10,pre_cool,pre_cool,none,23.3882,-0.6118,22.8873,1.333,2.833,0.0,-1.0,100,blue,offpeak,1.7554,synthetic_sample,none,True,pre_cool: following plan,"plan: pre_cool (cut 0.00, boost 1.50 kWh) | gate: next 22.89 C <= 26.0 C ok",pre_cool,2.833,0.0,1.0,True,0,1,0.55,1.5,3,False,test,rf
2025-07-28 11:00:00,RES_EP_001,40.8,55.4,30.1,743.2,1.97,0,0.05,2025-07-28,11,pre_cool,pre_cool,none,22.8873,-1.1127,22.4772,1.97,3.47,0.0,-1.0,100,blue,offpeak,2.0357,synthetic_sample,none,True,pre_cool: following plan,"plan: pre_cool (cut 0.00, boost 1.50 kWh) | gate: next 22.48 C <= 26.0 C ok",pre_cool,3.47,0.0,1.0,True,0,1,0.55,1.5,3,False,test,rf
2025-07-28 12:00:00,RES_EP_001,42.8,58.3,32.8,749.9,2.143,1,0.71,2025-07-28,12,peak_reduce,peak_reduce,none,22.4772,-1.5228,23.234,2.143,0.9643,0.0,1.0,75,yellow,peak,2.2031,synthetic_sample,none,True,peak_reduce: following plan,"plan: peak_reduce (cut 0.55, boost 0.00 kWh) | gate: next 23.23 C <= 26.0 C ok",peak_reduce,0.9643,1.1787,1.0,True,1,0,0.55,1.5,3,False,test,rf
2025-07-28 13:00:00,RES_EP_001,42.8,58.8,33.0,769.3,2.46,1,1.0,2025-07-28,13,peak_reduce,peak_reduce,none,23.234,-0.766,23.9247,2.46,1.107,0.0,1.0,75,yellow,peak,2.1777,synthetic_sample,none,True,peak_reduce: following plan,"plan: peak_reduce (cut 0.55, boost 0.00 kWh) | gate: next 23.92 C <= 26.0 C ok",peak_reduce,1.107,1.353,1.0,True,1,0,0.55,1.5,3,False,test,rf
2025-07-28 14:00:00,RES_EP_001,44.1,60.1,34.6,680.2,1.945,1,1.0,2025-07-28,14,peak_reduce,peak_reduce,none,23.9247,-0.0753,24.3746,1.945,0.8752,0.0,1.0,75,yellow,peak,2.3473,synthetic_sample,none,True,peak_reduce: following plan,"plan: peak_reduce (cut 0.55, boost 0.00 kWh) | gate: next 24.37 C <= 26.0 C ok",peak_reduce,0.8752,1.0698,1.0,True,1,0,0.55,1.5,3,False,test,rf
2025-07-28 15:00:00,RES_EP_001,42.7,64.4,34.5,718.2,2.508,1,1.0,2025-07-28,15,peak_reduce,peak_reduce,none,24.3746,0.3746,24.8693,2.508,1.1286,0.0,1.0,75,yellow,peak,2.1337,synthetic_sample,none,True,peak_reduce: following plan,"plan: peak_reduce (cut 0.55, boost 0.00 kWh) | gate: next 24.87 C <= 26.0 C ok",peak_reduce,1.1286,1.3794,0.813,True,1,0,0.55,1.5,3,False,test,rf
2025-07-28 16:00:00,RES_EP_001,42.2,59.8,32.7,514.3,1.944,1,1.0,2025-07-28,16,peak_reduce,peak_reduce,none,24.8693,0.8693,25.1478,1.944,0.8748,0.0,1.0,75,yellow,peak,2.0251,synthetic_sample,none,True,peak_reduce: following plan,"plan: peak_reduce (cut 0.55, boost 0.00 kWh) | gate: next 25.15 C <= 26.0 C ok",peak_reduce,0.8748,1.0692,0.565,True,1,0,0.55,1.5,3,False,test,rf
2025-07-28 17:00:00,RES_EP_001,40.7,66.5,33.2,338.4,1.843,1,0.99,2025-07-28,17,peak_reduce,peak_reduce,none,25.1478,1.1478,25.3532,1.843,0.8293,0.0,1.0,75,yellow,peak,1.8357,synthetic_sample,none,True,peak_reduce: following plan,"plan: peak_reduce (cut 0.55, boost 0.00 kWh) | gate: next 25.35 C <= 26.0 C ok",peak_reduce,0.8293,1.0137,0.426,True,1,0,0.55,1.5,3,False,test,rf
2025-07-28 18:00:00,RES_EP_001,40.0,68.9,33.2,187.6,1.53,1,0.93,2025-07-28,18,peak_reduce,peak_reduce,none,25.3532,1.3532,25.4511,1.53,0.6885,0.0,1.0,75,yellow,peak,1.5142,synthetic_sample,none,True,peak_reduce: following plan,"plan: peak_reduce (cut 0.55, boost 0.00 kWh) | gate: next 25.45 C <= 26.0 C ok",peak_reduce,0.6885,0.8415,0.323,True,1,0,0.55,1.5,3,False,test,rf
2025-07-28 19:00:00,RES_EP_001,37.4,70.9,31.2,0.0,1.17,0,0.12,2025-07-28,19,normal,normal,none,25.4511,1.4511,24.5305,1.17,2.7823,1.6123,0.0,40,green,offpeak,0.4826,synthetic_sample,none,True,recovery: restoring setpoint after the reduction window,"plan: normal (cut 0.00, boost 0.00 kWh) | recovery: indoor +1.45 C above setpoint, thermostat pulls back | gate: next 24.53 C <= 26.0 C ok",normal,2.7823,0.0,0.274,True,0,0,0.55,1.5,3,False,test,rf
2025-07-28 20:00:00,RES_EP_001,36.5,64.7,28.8,0.0,0.224,0,0.0,2025-07-28,20,normal,normal,none,24.5305,0.5305,24.1939,0.224,0.8134,0.5894,0.0,40,green,offpeak,0.0374,synthetic_sample,none,True,recovery: restoring setpoint after the reduction window,"plan: normal (cut 0.00, boost 0.00 kWh) | recovery: indoor +0.53 C above setpoint, thermostat pulls back | gate: next 24.19 C <= 26.0 C ok",normal,0.8134,0.0,0.735,True,0,0,0.55,1.5,3,False,test,rf
2025-07-28 21:00:00,RES_EP_001,34.7,68.6,28.1,0.0,0.04,0,0.0,2025-07-28,21,normal,normal,none,24.1939,0.1939,24.0709,0.04,0.2555,0.2155,0.0,40,green,offpeak,0.3886,synthetic_sample,none,True,recovery: restoring setpoint after the reduction window,"plan: normal (cut 0.00, boost 0.00 kWh) | recovery: indoor +0.19 C above setpoint, thermostat pulls back | gate: next 24.07 C <= 26.0 C ok",normal,0.2555,0.0,0.903,True,0,0,0.55,1.5,3,False,test,rf
2025-07-28 22:00:00,RES_EP_001,32.8,67.9,26.1,0.0,0.386,0,0.0,2025-07-28,22,normal,normal,none,24.0709,0.0709,24.0259,0.386,0.4648,0.0788,0.0,40,green,offpeak,0.3091,synthetic_sample,none,True,recovery: restoring setpoint after the reduction window,"plan: normal (cut 0.00, boost 0.00 kWh) | recovery: indoor +0.07 C above setpoint, thermostat pulls back | gate: next 24.03 C <= 26.0 C ok",normal,0.4648,0.0,0.965,True,0,0,0.55,1.5,3,False,test,rf
2025-07-28 23:00:00,RES_EP_001,31.0,66.0,23.9,0.0,0.581,0,0.0,2025-07-28,23,normal,normal,none,24.0259,0.0259,24.0212,0.581,0.581,0.0,0.0,40,green,offpeak,0.4624,synthetic_sample,none,False,normal: following plan,"plan: normal (cut 0.00, boost 0.00 kWh) | gate: next 24.02 C <= 26.0 C ok",normal,0.581,0.0,0.987,True,0,0,0.55,1.5,3,False,test,rf
2025-07-29 00:00:00,RES_EP_001,30.9,64.1,23.3,0.0,0.723,0,0.0,2025-07-29,0,normal,normal,none,24.0,0.0,24.0,0.723,0.723,0.0,0.0,40,green,offpeak,0.431,synthetic_sample,none,False,normal: following plan,"plan: normal (cut 0.00, boost 0.00 kWh) | gate: next 24.00 C <= 26.0 C ok",normal,0.723,0.0,1.0,True,0,0,0.55,1.5,3,False,test,rf
2025-07-29 01:00:00,RES_EP_001,30.5,65.0,23.2,0.0,0.536,0,0.0,2025-07-29,1,normal,normal,none,24.0,0.0,24.0,0.536,0.536,0.0,0.0,40,green,offpeak,0.3956,synthetic_sample,none,False,normal: following plan,"plan: normal (cut 0.00, boost 0.00 kWh) | gate: next 24.00 C <= 26.0 C ok",normal,0.536,0.0,1.0,True,0,0,0.55,1.5,3,False,test,rf
2025-07-29 02:00:00,RES_EP_001,30.1,59.7,21.4,0.0,0.252,0,0.0,2025-07-29,2,normal,normal,none,24.0,0.0,24.0,0.252,0.252,0.0,0.0,40,green,offpeak,0.4463,synthetic_sample,none,False,normal: following plan,"plan: normal (cut 0.00, boost 0.00 kWh) | gate: next 24.00 C <= 26.0 C ok",normal,0.252,0.0,1.0,True,0,0,0.55,1.5,3,False,test,rf
2025-07-29 03:00:00,RES_EP_001,30.1,61.9,22.0,0.0,0.397,0,0.0,2025-07-29,3,normal,normal,none,24.0,0.0,24.0,0.397,0.397,0.0,0.0,40,green,offpeak,0.3418,synthetic_sample,none,False,normal: following plan,"plan: normal (cut 0.00, boost 0.00 kWh) | gate: next 24.00 C <= 26.0 C ok",normal,0.397,0.0,1.0,True,0,0,0.55,1.5,3,False,test,rf
2025-07-29 04:00:00,RES_EP_001,30.7,55.5,20.8,0.0,0.348,0,0.0,2025-07-29,4,normal,normal,none,24.0,0.0,24.0,0.348,0.348,0.0,0.0,40,green,offpeak,0.48,synthetic_sample,none,False,normal: following plan,"plan: normal (cut 0.00, boost 0.00 kWh) | gate: next 24.00 C <= 26.0 C ok",normal,0.348,0.0,1.0,True,0,0,0.55,1.5,3,False,test,rf
2025-07-29 05:00:00,RES_EP_001,31.7,53.8,21.2,0.0,0.319,0,0.0,2025-07-29,5,normal,normal,none,24.0,0.0,24.0,0.319,0.319,0.0,0.0,40,green,offpeak,0.4335,synthetic_sample,none,False,normal: following plan,"plan: normal (cut 0.00, boost 0.00 kWh) | gate: next 24.00 C <= 26.0 C ok",normal,0.319,0.0,1.0,True,0,0,0.55,1.5,3,False,test,rf
2025-07-29 06:00:00,RES_EP_001,33.6,54.9,23.3,178.6,0.184,0,0.0,2025-07-29,6,normal,normal,none,24.0,0.0,24.0,0.184,0.184,0.0,0.0,40,green,offpeak,0.5055,synthetic_sample,none,False,normal: following plan,"plan: normal (cut 0.00, boost 0.00 kWh) | gate: next 24.00 C <= 26.0 C ok",normal,0.184,0.0,1.0,True,0,0,0.55,1.5,3,False,test,rf
2025-07-29 07:00:00,RES_EP_001,35.4,50.8,23.6,348.7,0.233,0,0.0,2025-07-29,7,normal,normal,none,24.0,0.0,24.0,0.233,0.233,0.0,0.0,40,green,offpeak,0.4413,synthetic_sample,none,False,normal: following plan,"plan: normal (cut 0.00, boost 0.00 kWh) | gate: next 24.00 C <= 26.0 C ok",normal,0.233,0.0,1.0,True,0,0,0.55,1.5,3,False,test,rf
2025-07-29 08:00:00,RES_EP_001,36.4,51.8,24.9,526.0,0.0,0,0.0,2025-07-29,8,normal,normal,none,24.0,0.0,24.0,0.0,0.0,0.0,0.0,40,green,offpeak,0.1742,synthetic_sample,none,True,normal: following plan,"plan: normal (cut 0.00, boost 0.00 kWh) | gate: next 24.00 C <= 26.0 C ok",normal,0.0,0.0,1.0,True,0,0,0.55,1.5,3,False,test,rf
2025-07-29 09:00:00,RES_EP_001,38.9,54.0,27.9,623.1,0.779,0,0.0,2025-07-29,9,pre_cool,pre_cool,none,24.0,0.0,23.3882,0.779,2.279,0.0,-1.0,100,blue,offpeak,0.593,synthetic_sample,none,True,pre_cool: following plan,"plan: pre_cool (cut 0.00, boost 1.50 kWh) | gate: next 23.39 C <= 26.0 C ok",pre_cool,2.279,0.0,1.0,True,0,1,0.55,1.5,3,False,test,rf
2025-07-29 10:00:00,RES_EP_001,40.4,50.1,28.0,745.8,1.7,0,0.01,2025-07-29,10,pre_cool,pre_cool,none,23.3882,-0.6118,22.8873,1.7,3.2,0.0,-1.0,100,blue,offpeak,1.3584,synthetic_sample,none,True,pre_cool: following plan,"plan: pre_cool (cut 0.00, boost 1.50 kWh) | gate: next 22.89 C <= 26.0 C ok",pre_cool,3.2,0.0,1.0,True,0,1,0.55,1.5,3,False,test,rf
2025-07-29 11:00:00,RES_EP_001,41.7,50.5,29.3,771.8,2.166,0,0.08,2025-07-29,11,pre_cool,pre_cool,none,22.8873,-1.1127,22.5042,2.166,3.6,0.0,-1.0,100,blue,offpeak,1.8575,synthetic_sample,none,True,pre_cool: following plan,"plan: pre_cool (cut 0.00, boost 1.50 kWh) | gate: next 22.50 C <= 26.0 C ok",pre_cool,3.6,0.0,1.0,True,0,1,0.55,1.5,3,False,test,rf
2025-07-29 12:00:00,RES_EP_001,43.9,55.0,32.8,802.3,2.704,1,0.98,2025-07-29,12,peak_reduce,peak_reduce,none,22.5042,-1.4958,23.3819,2.704,1.2168,0.0,1.0,75,yellow,peak,2.3109,synthetic_sample,none,True,peak_reduce: following plan,"plan: peak_reduce (cut 0.55, boost 0.00 kWh) | gate: next 23.38 C <= 26.0 C ok",peak_reduce,1.2168,1.4872,1.0,True,1,0,0.55,1.5,3,False,test,rf
2025-07-29 13:00:00,RES_EP_001,43.1,56.8,32.6,870.1,2.99,1,1.0,2025-07-29,13,peak_reduce,peak_reduce,none,23.3819,-0.6181,24.1646,2.99,1.3455,0.0,1.0,75,yellow,peak,2.2706,synthetic_sample,none,True,peak_reduce: following plan,"plan: peak_reduce (cut 0.55, boost 0.00 kWh) | gate: next 24.16 C <= 26.0 C ok",peak_reduce,1.3455,1.6445,1.0,True,1,0,0.55,1.5,3,False,test,rf
2025-07-29 14:00:00,RES_EP_001,44.4,58.0,34.2,785.5,2.546,1,1.0,2025-07-29,14,peak_reduce,peak_reduce,none,24.1646,0.1646,24.7059,2.546,1.1457,0.0,1.0,75,yellow,peak,2.2253,synthetic_sample,none,True,peak_reduce: following plan,"plan: peak_reduce (cut 0.55, boost 0.00 kWh) | gate: next 24.71 C <= 26.0 C ok",peak_reduce,1.1457,1.4003,0.918,True,1,0,0.55,1.5,3,False,test,rf
2025-07-29 15:00:00,RES_EP_001,43.3,64.7,35.2,646.7,2.283,1,1.0,2025-07-29,15,peak_reduce,peak_reduce,none,24.7059,0.7059,25.0901,2.283,1.0273,0.0,1.0,75,yellow,peak,2.1984,synthetic_sample,none,True,peak_reduce: following plan,"plan: peak_reduce (cut 0.55, boost 0.00 kWh) | gate: next 25.09 C <= 26.0 C ok",peak_reduce,1.0273,1.2557,0.647,True,1,0,0.55,1.5,3,False,test,rf
2025-07-29 16:00:00,RES_EP_001,43.4,62.7,34.7,488.3,2.303,1,1.0,2025-07-29,16,peak_reduce,peak_reduce,none,25.0901,1.0901,25.4091,2.303,1.0363,0.0,1.0,75,yellow,peak,2.0272,synthetic_sample,none,True,peak_reduce: following plan,"plan: peak_reduce (cut 0.55, boost 0.00 kWh) | gate: next 25.41 C <= 26.0 C ok",peak_reduce,1.0363,1.2667,0.455,True,1,0,0.55,1.5,3,False,test,rf
2025-07-29 17:00:00,RES_EP_001,42.2,65.1,34.2,356.5,1.91,1,1.0,2025-07-29,17,peak_reduce,peak_reduce,none,25.4091,1.4091,25.5821,1.91,0.8595,0.0,1.0,75,yellow,peak,1.8438,synthetic_sample,none,True,peak_reduce: following plan,"plan: peak_reduce (cut 0.55, boost 0.00 kWh) | gate: next 25.58 C <= 26.0 C ok",peak_reduce,0.8595,1.0505,0.295,True,1,0,0.55,1.5,3,False,test,rf
2025-07-29 18:00:00,RES_EP_001,40.7,64.5,32.7,193.5,1.533,1,0.88,2025-07-29,18,peak_reduce,peak_reduce,none,25.5821,1.5821,25.6392,1.533,0.6898,0.0,1.0,75,yellow,peak,1.6923,synthetic_sample,none,True,peak_reduce: following plan,"plan: peak_reduce (cut 0.55, boost 0.00 kWh) | gate: next 25.64 C <= 26.0 C ok",peak_reduce,0.6898,0.8432,0.209,True,1,0,0.55,1.5,3,False,test,rf
2025-07-29 19:00:00,RES_EP_001,37.9,65.6,30.3,0.0,1.251,0,0.31,2025-07-29,19,normal,normal,none,25.6392,1.6392,24.5992,1.251,3.0723,1.8213,0.0,40,green,offpeak,0.9211,synthetic_sample,none,True,recovery: restoring setpoint after the reduction window,"plan: normal (cut 0.00, boost 0.00 kWh) | recovery: indoor +1.64 C above setpoint, thermostat pulls back | gate: next 24.60 C <= 26.0 C ok",normal,3.0723,0.0,0.18,True,0,0,0.55,1.5,3,False,test,rf
2025-07-29 20:00:00,RES_EP_001,37.2,68.2,30.3,0.0,0.029,0,0.0,2025-07-29,20,normal,normal,none,24.5992,0.5992,24.2191,0.029,0.6948,0.6658,0.0,40,green,offpeak,0.2658,synthetic_sample,none,True,recovery: restoring setpoint after the reduction window,"plan: normal (cut 0.00, boost 0.00 kWh) | recovery: indoor +0.60 C above setpoint, thermostat pulls back | gate: next 24.22 C <= 26.0 C ok",normal,0.6948,0.0,0.7,True,0,0,0.55,1.5,3,False,test,rf
2025-07-29 21:00:00,RES_EP_001,34.3,66.6,27.2,0.0,0.506,0,0.0,2025-07-29,21,normal,normal,none,24.2191,0.2191,24.0801,0.506,0.7494,0.2434,0.0,40,green,offpeak,0.2168,synthetic_sample,none,True,recovery: restoring setpoint after the reduction window,"plan: normal (cut 0.00, boost 0.00 kWh) | recovery: indoor +0.22 C above setpoint, thermostat pulls back | gate: next 24.08 C <= 26.0 C ok",normal,0.7494,0.0,0.89,True,0,0,0.55,1.5,3,False,test,rf
2025-07-29 22:00:00,RES_EP_001,34.6,68.7,28.0,0.0,0.304,0,0.0,2025-07-29,22,normal,normal,none,24.0801,0.0801,24.0293,0.304,0.393,0.089,0.0,40,green,offpeak,0.3135,synthetic_sample,none,True,recovery: restoring setpoint after the reduction window,"plan: normal (cut 0.00, boost 0.00 kWh) | recovery: indoor +0.08 C above setpoint, thermostat pulls back | gate: next 24.03 C <= 26.0 C ok",normal,0.393,0.0,0.96,True,0,0,0.55,1.5,3,False,test,rf
2025-07-29 23:00:00,RES_EP_001,31.6,66.5,24.6,0.0,0.376,0,0.0,2025-07-29,23,normal,normal,none,24.0293,0.0293,24.024,0.376,0.376,0.0,0.0,40,green,offpeak,0.3352,synthetic_sample,none,True,normal: following plan,"plan: normal (cut 0.00, boost 0.00 kWh) | gate: next 24.02 C <= 26.0 C ok",normal,0.376,0.0,0.985,True,0,0,0.55,1.5,3,False,test,rf
2025-07-30 00:00:00,RES_EP_001,31.8,64.5,24.3,0.0,0.644,0,0.0,2025-07-30,0,normal,normal,none,24.0,0.0,24.0,0.644,0.644,0.0,0.0,40,green,offpeak,0.5079,synthetic_sample,none,True,normal: following plan,"plan: normal (cut 0.00, boost 0.00 kWh) | gate: next 24.00 C <= 26.0 C ok",normal,0.644,0.0,1.0,True,0,0,0.5,1.0,4,False,test,rf
2025-07-30 01:00:00,RES_EP_001,31.1,56.5,21.4,0.0,0.788,0,0.0,2025-07-30,1,normal,normal,none,24.0,0.0,24.0,0.788,0.788,0.0,0.0,40,green,offpeak,0.488,synthetic_sample,none,False,normal: following plan,"plan: normal (cut 0.00, boost 0.00 kWh) | gate: next 24.00 C <= 26.0 C ok",normal,0.788,0.0,1.0,True,0,0,0.5,1.0,4,False,test,rf
2025-07-30 02:00:00,RES_EP_001,30.3,57.4,20.9,0.0,0.501,0,0.0,2025-07-30,2,normal,normal,none,24.0,0.0,24.0,0.501,0.501,0.0,0.0,40,green,offpeak,0.5095,synthetic_sample,none,False,normal: following plan,"plan: normal (cut 0.00, boost 0.00 kWh) | gate: next 24.00 C <= 26.0 C ok",normal,0.501,0.0,1.0,True,0,0,0.5,1.0,4,False,test,rf
2025-07-30 03:00:00,RES_EP_001,31.6,60.4,23.0,0.0,0.369,0,0.0,2025-07-30,3,normal,normal,none,24.0,0.0,24.0,0.369,0.369,0.0,0.0,40,green,offpeak,0.4794,synthetic_sample,none,False,normal: following plan,"plan: normal (cut 0.00, boost 0.00 kWh) | gate: next 24.00 C <= 26.0 C ok",normal,0.369,0.0,1.0,True,0,0,0.5,1.0,4,False,test,rf
2025-07-30 04:00:00,RES_EP_001,31.9,53.2,21.2,0.0,0.465,0,0.0,2025-07-30,4,normal,normal,none,24.0,0.0,24.0,0.465,0.465,0.0,0.0,40,green,offpeak,0.4802,synthetic_sample,none,False,normal: following plan,"plan: normal (cut 0.00, boost 0.00 kWh) | gate: next 24.00 C <= 26.0 C ok",normal,0.465,0.0,1.0,True,0,0,0.5,1.0,4,False,test,rf
2025-07-30 05:00:00,RES_EP_001,33.1,50.7,21.5,0.0,0.628,0,0.0,2025-07-30,5,normal,normal,none,24.0,0.0,24.0,0.628,0.628,0.0,0.0,40,green,offpeak,0.488,synthetic_sample,none,False,normal: following plan,"plan: normal (cut 0.00, boost 0.00 kWh) | gate: next 24.00 C <= 26.0 C ok",normal,0.628,0.0,1.0,True,0,0,0.5,1.0,4,False,test,rf
2025-07-30 06:00:00,RES_EP_001,33.6,52.0,22.4,171.4,0.377,0,0.0,2025-07-30,6,normal,normal,none,24.0,0.0,24.0,0.377,0.377,0.0,0.0,40,green,offpeak,0.4058,synthetic_sample,none,False,normal: following plan,"plan: normal (cut 0.00, boost 0.00 kWh) | gate: next 24.00 C <= 26.0 C ok",normal,0.377,0.0,1.0,True,0,0,0.5,1.0,4,False,test,rf
2025-07-30 07:00:00,RES_EP_001,34.9,51.4,23.4,342.2,0.698,0,0.0,2025-07-30,7,normal,normal,none,24.0,0.0,24.0,0.698,0.698,0.0,0.0,40,green,offpeak,0.4334,synthetic_sample,none,False,normal: following plan,"plan: normal (cut 0.00, boost 0.00 kWh) | gate: next 24.00 C <= 26.0 C ok",normal,0.698,0.0,1.0,True,0,0,0.5,1.0,4,False,test,rf
2025-07-30 08:00:00,RES_EP_001,37.7,48.7,25.0,530.1,0.099,0,0.0,2025-07-30,8,pre_cool,pre_cool,none,24.0,0.0,23.5921,0.099,1.099,0.0,-1.0,100,blue,offpeak,0.1165,synthetic_sample,none,True,pre_cool: following plan,"plan: pre_cool (cut 0.00, boost 1.00 kWh) | gate: next 23.59 C <= 26.0 C ok",pre_cool,1.099,0.0,1.0,True,0,1,0.5,1.0,4,False,test,rf
2025-07-30 09:00:00,RES_EP_001,39.9,50.1,27.5,646.0,0.874,0,0.0,2025-07-30,9,pre_cool,pre_cool,none,23.5921,-0.4079,23.2582,0.874,1.874,0.0,-1.0,100,blue,offpeak,0.7495,synthetic_sample,none,True,pre_cool: following plan,"plan: pre_cool (cut 0.00, boost 1.00 kWh) | gate: next 23.26 C <= 26.0 C ok",pre_cool,1.874,0.0,1.0,True,0,1,0.5,1.0,4,False,test,rf
2025-07-30 10:00:00,RES_EP_001,41.2,52.8,29.6,766.8,1.5,0,0.0,2025-07-30,10,pre_cool,pre_cool,none,23.2582,-0.7418,22.9848,1.5,2.5,0.0,-1.0,100,blue,offpeak,1.7108,synthetic_sample,none,True,pre_cool: following plan,"plan: pre_cool (cut 0.00, boost 1.00 kWh) | gate: next 22.98 C <= 26.0 C ok",pre_cool,2.5,0.0,1.0,True,0,1,0.5,1.0,4,False,test,rf
2025-07-30 11:00:00,RES_EP_001,42.7,52.6,30.9,797.9,2.344,0,0.06,2025-07-30,11,pre_cool,pre_cool,none,22.9848,-1.0152,22.761,2.344,3.344,0.0,-1.0,100,blue,offpeak,2.3095,synthetic_sample,none,True,pre_cool: following plan,"plan: pre_cool (cut 0.00, boost 1.00 kWh) | gate: next 22.76 C <= 26.0 C ok",pre_cool,3.344,0.0,1.0,True,0,1,0.5,1.0,4,False,test,rf
2025-07-30 12:00:00,RES_EP_001,42.2,59.3,32.6,815.3,2.274,1,0.96,2025-07-30,12,peak_reduce,peak_reduce,none,22.761,-1.239,23.4493,2.274,1.137,0.0,1.0,75,yellow,peak,2.2871,synthetic_sample,none,True,peak_reduce: following plan,"plan: peak_reduce (cut 0.50, boost 0.00 kWh) | gate: next 23.45 C <= 26.0 C ok",peak_reduce,1.137,1.137,1.0,True,1,0,0.5,1.0,4,False,test,rf
2025-07-30 13:00:00,RES_EP_001,44.4,53.7,32.8,727.0,2.265,1,1.0,2025-07-30,13,peak_reduce,peak_reduce,none,23.4493,-0.5507,24.011,2.265,1.1325,0.0,1.0,75,yellow,peak,2.5034,synthetic_sample,none,True,peak_reduce: following plan,"plan: peak_reduce (cut 0.50, boost 0.00 kWh) | gate: next 24.01 C <= 26.0 C ok",peak_reduce,1.1325,1.1325,1.0,True,1,0,0.5,1.0,4,False,test,rf
2025-07-30 14:00:00,RES_EP_001,44.7,60.3,35.2,720.2,2.403,1,1.0,2025-07-30,14,peak_reduce,peak_reduce,none,24.011,0.011,24.4991,2.403,1.2015,0.0,1.0,75,yellow,peak,2.6267,synthetic_sample,none,True,peak_reduce: following plan,"plan: peak_reduce (cut 0.50, boost 0.00 kWh) | gate: next 24.50 C <= 26.0 C ok",peak_reduce,1.2015,1.2015,0.995,True,1,0,0.5,1.0,4,False,test,rf
2025-07-30 15:00:00,RES_EP_001,44.2,61.0,34.9,653.3,2.585,1,1.0,2025-07-30,15,peak_reduce,peak_reduce,none,24.4991,0.4991,24.9358,2.585,1.2925,0.0,1.0,75,yellow,peak,2.339,synthetic_sample,none,True,peak_reduce: following plan,"plan: peak_reduce (cut 0.50, boost 0.00 kWh) | gate: next 24.94 C <= 26.0 C ok",peak_reduce,1.2925,1.2925,0.75,True,1,0,0.5,1.0,4,False,test,rf
2025-07-30 16:00:00,RES_EP_001,43.6,62.6,34.9,539.7,2.241,1,1.0,2025-07-30,16,peak_reduce,peak_reduce,none,24.9358,0.9358,25.2231,2.241,1.1205,0.0,1.0,75,yellow,peak,2.2063,synthetic_sample,none,True,peak_reduce: following plan,"plan: peak_reduce (cut 0.50, boost 0.00 kWh) | gate: next 25.22 C <= 26.0 C ok",peak_reduce,1.1205,1.1205,0.532,True,1,0,0.5,1.0,4,False,test,rf
2025-07-30 17:00:00,RES_EP_001,42.2,62.3,33.5,374.7,2.205,1,1.0,2025-07-30,17,peak_reduce,peak_reduce,none,25.2231,1.2231,25.4511,2.205,1.1025,0.0,1.0,75,yellow,peak,1.9139,synthetic_sample,none,True,peak_reduce: following plan,"plan: peak_reduce (cut 0.50, boost 0.00 kWh) | gate: next 25.45 C <= 26.0 C ok",peak_reduce,1.1025,1.1025,0.388,True,1,0,0.5,1.0,4,False,test,rf
2025-07-30 18:00:00,RES_EP_001,41.7,68.4,34.7,186.2,1.309,1,0.97,2025-07-30,18,peak_reduce,peak_reduce,none,25.4511,1.4511,25.455,1.309,0.6545,0.0,1.0,75,yellow,peak,1.6307,synthetic_sample,none,True,peak_reduce: following plan,"plan: peak_reduce (cut 0.50, boost 0.00 kWh) | gate: next 25.45 C <= 26.0 C ok",peak_reduce,0.6545,0.6545,0.274,True,1,0,0.5,1.0,4,False,test,rf
2025-07-30 19:00:00,RES_EP_001,38.9,66.5,31.5,0.0,0.908,0,0.2,2025-07-30,19,normal,normal,none,25.455,1.455,24.5319,0.908,2.5247,1.6167,0.0,40,green,offpeak,0.9796,synthetic_sample,none,True,recovery: restoring setpoint after the reduction window,"plan: normal (cut 0.00, boost 0.00 kWh) | recovery: indoor +1.45 C above setpoint, thermostat pulls back | gate: next 24.53 C <= 26.0 C ok",normal,2.5247,0.0,0.273,True,0,0,0.5,1.0,4,False,test,rf
2025-07-30 20:00:00,RES_EP_001,37.5,67.2,30.4,0.0,0.0,0,0.01,2025-07-30,20,normal,normal,none,24.5319,0.5319,24.1944,0.0,0.591,0.591,0.0,40,green,offpeak,0.1006,synthetic_sample,none,True,recovery: restoring setpoint after the reduction window,"plan: normal (cut 0.00, boost 0.00 kWh) | recovery: indoor +0.53 C above setpoint, thermostat pulls back | gate: next 24.19 C <= 26.0 C ok",normal,0.591,0.0,0.734,True,0,0,0.5,1.0,4,False,test,rf
2025-07-30 21:00:00,RES_EP_001,36.2,67.0,29.1,0.0,0.42,0,0.0,2025-07-30,21,normal,normal,none,24.1944,0.1944,24.0711,0.42,0.636,0.216,0.0,40,green,offpeak,0.3864,synthetic_sample,none,True,recovery: restoring setpoint after the reduction window,"plan: normal (cut 0.00, boost 0.00 kWh) | recovery: indoor +0.19 C above setpoint, thermostat pulls back | gate: next 24.07 C <= 26.0 C ok",normal,0.636,0.0,0.903,True,0,0,0.5,1.0,4,False,test,rf
2025-07-30 22:00:00,RES_EP_001,34.1,66.8,27.0,0.0,0.339,0,0.0,2025-07-30,22,normal,normal,none,24.0711,0.0711,24.026,0.339,0.418,0.079,0.0,40,green,offpeak,0.435,synthetic_sample,none,True,recovery: restoring setpoint after the reduction window,"plan: normal (cut 0.00, boost 0.00 kWh) | recovery: indoor +0.07 C above setpoint, thermostat pulls back | gate: next 24.03 C <= 26.0 C ok",normal,0.418,0.0,0.964,True,0,0,0.5,1.0,4,False,test,rf
2025-07-30 23:00:00,RES_EP_001,32.9,64.2,25.2,0.0,0.167,0,0.0,2025-07-30,23,normal,normal,none,24.026,0.026,24.0213,0.167,0.167,0.0,0.0,40,green,offpeak,0.4753,synthetic_sample,none,True,normal: following plan,"plan: normal (cut 0.00, boost 0.00 kWh) | gate: next 24.02 C <= 26.0 C ok",normal,0.167,0.0,0.987,True,0,0,0.5,1.0,4,False,test,rf
